sekolah_id,nama_sekolah
80b1d857-013c-e111-8a08-7f600b35679b,SD NEGERI 8 LAKEA
c0f74e58-013c-e111-88ce-9329d722115f,SD NEGERI 12 LIMRAN
15e9be35-8f6e-46ee-bcdd-16e50c721956,SMA NEGERI BULAGI UTARA
2059dd58-013c-e111-b5b1-abf36168d352,SMP YPST PORAME
a01b3957-013c-e111-a79b-87c0f8fd7122,SD INPRES SAMPAKA
e06afd57-013c-e111-8909-7905cb92c44d,SD NEGERI SAMARENGGA
8067e558-013c-e111-b04a-03fb3b7bfa8f,SMP ALKHAIRAAT 1 PALU
90f7fa57-013c-e111-9e7a-cf90314de21c,SD NEGERI 2 LINGADAN
2c8e5ebf-9211-48e6-b5d7-522bb9fdb5bc,SMA Negeri 2 BIAU
90b64557-013c-e111-858d-bba8d3193f92,SD INPRES LOLANTANG
a036d858-013c-e111-b53b-53159d09e17b,SMP NEGERI 1 TOJO BARAT
d0423d58-013c-e111-9db6-0b2a1ab9c92d,SD NEGERI 13 RATOLINDO
e9b71076-a1e9-44b8-aaf6-ab2a6d44ef45,MIS NAHDLATUT THALABAH
e0f8be58-013c-e111-8e22-d9588cfcd837,SMP NEGERI 4 LUWUK
be128bf2-9c3d-4362-8d1f-fa44f369cf37,MIS DDI KABERA
404a2258-013c-e111-8080-6d4715d50e0c,SD INPRES 2 AMBESIA
30c64558-013c-e111-84aa-895bccf46e7b,SD NEGERI 2 PALU
0030bb58-013c-e111-8a51-93edb537f213,SMP NEGERI 1 PAMONA TIMUR
105959d1-61da-e111-9337-ebff064d826d,SD NEGERI WERE A
80bcc658-013c-e111-ab51-c39723eca750,SMP NEGERI 3 PALELEH
50fd6157-013c-e111-9751-f1e92913a2a2,SD NEGERI TONDO G
c08cb058-013c-e111-a5bf-1f1a23b85e8b,SMP NEGERI 2 LABUAN
ce08b38f-cbee-4a54-a0ff-8831e3ca91c7,SMP NEGERI 4 LEMBO
a0042e58-013c-e111-808f-c732814e7422,SD KECIL PIMPIT
a29e6445-751b-4259-a5bd-e60f854c3203,MIN 2 KOTA PALU
a09b7e2f-c8b6-4793-b257-581c647c94e5,MTSS WANAMUKTI
80618057-013c-e111-9a24-f70b1c0c2026,SDN 9 SOJOL
61d1e4f4-ab98-4c36-b9f2-1b6b9d314dbb,SMP ISLAM TERPADU AL-WAHDAH
408f7c57-013c-e111-b041-f308d9fa1c51,SDN 17 BALAESANG TANJUNG
302e7057-013c-e111-8415-f15dcdd0e808,SDN 8 BANAWA TENGAH
c076d458-013c-e111-8bd6-a595cc163e1f,SMP NEGERI 2 KASIMBAR
0301fb0f-dedb-45bc-bd51-e1adf73ae891,SMAN 1 BUNGKU PESISIR
f0dc572d-38f3-e111-9495-e96f0872f36f,SD INPRES 3 BOLAPAPU
50550f58-013c-e111-b403-1f60de976f27,SD NEGERI 1 BAHOMAKMUR
70583758-013c-e111-a5e9-f7597a65aacf,SD NEGERI BONGKA MAKMUR
80e73457-013c-e111-8207-83ed6f3b0d55,SD INPRES 3 BANGGAI
c06d3a57-013c-e111-91bf-3d43448ed19d,SD INPRES KAMPUNG BARU
20d92658-013c-e111-a9c1-995bcefd8282,SD INPRES 1 KOTANAGAYA
d0fae358-013c-e111-89cb-49188a10db92,SMP MUHAMMADIYAH 1 PARIGI TENGAH
c07e1b58-013c-e111-ac9a-5fdbc7da17db,SD INPRES 2 LEMO
2012b757-013c-e111-b2bb-b94223caa52e,SD INPRES KM 8
f06ddd58-013c-e111-b1ed-019d8e292fe3,SMP BALA KESELAMATAN MARANATHA
e0275557-013c-e111-801e-eb53ef810d01,SD NEGERI MARADINDO
400d0346-642d-e211-830e-1d4429ffb48a,SMPN SATAP 7 DAMPELAS
9001105d-e7fe-e111-9dbf-0375a958c49c,SMP NEGERI 4 TOILI BARAT
6081ee57-013c-e111-a1bb-cf23e0a6fed1,SD NEGERI 3 SONI
c010f357-013c-e111-bed6-d31f947ad254,SD NEGERI KABETAN
d040ee57-013c-e111-834b-2fd79fbdfc71,SD NEGERI PALEMBANG
721f5b08-6080-4966-a404-8c8cfc50eb3a,SMPN 7 BUALEMO
c07cdc57-013c-e111-a68d-11494081ee57,SD NEGERI 16 BOKAT
91d2d072-7b45-4f87-a065-935d7ce1eefb,SMP NEGERI 32 SIGI
f0ca20ac-d861-491f-b1d1-fa85657d3172,SMAN 1 BANGGAI
0068b451-f9fe-e111-bcf2-0fce6e390326,SMP NEGERI 3 WALEA KEPULAUAN
c0641c58-013c-e111-841b-d7bf70f79a54,SD NEGERI DUSUNAN
e0b86591-69e7-e111-a2b3-331ae33a639f,SMP NEGERI 2 WALEA BESAR
aebba015-79ff-472f-8210-b37079c52b20,Data sekolah kosong (ID tidak aktif/invalid)
30773365-2cf7-e111-b3f6-49efdbcac39f,SMP AL AZHAR
20c6eb57-013c-e111-a6df-29d474755070,SD NEGERI 12 TOLITOLI
60254858-013c-e111-a66c-0905b1db2297,SDN INPRES SILAE
00b78857-013c-e111-92a5-8f70b904752f,SDN 10 BANAWA SELATAN
6053a057-013c-e111-af05-853da527929e,SD NEGERI 5 POSO
40d1f157-013c-e111-9f2f-176a47f972a8,SD NEGERI 1 BAMBAPUN
50ff6088-4cdf-e111-b5ee-8f00bec43e39,SD SMP SATU ATAP OGOSIPAT
60762158-013c-e111-ad14-d391fa81436a,SD INPRES 1 BOBALO
20f4c577-eafe-e111-bd1b-432ededdcb5f,SMPN SATAP 6 SOJOL
b07ff257-013c-e111-9ed7-b50b5929bb5b,SD NEGERI JANJA
40577e4b-eefe-e111-a6f1-cd44f8c73500,SDIT PERMATA ISLAM 2 
101ab758-013c-e111-afae-9923f2f66fbe,SMP NEGERI 5 DAMPELAS
a0d86dc3-157d-4935-9e9c-8e879fc7feef,PPS Raudhatul Musthafa Lil Khairaat
f087d857-013c-e111-9b9a-857a3522a9f7,SD NEGERI 3 LAKEA
20cabc58-013c-e111-81e6-93e936997968,SMP NEGERI 1 TOILI
60fdc377-eafe-e111-bc98-d1901c562308,SMP NEGERI 5 Sindue
20246658-013c-e111-bebf-29ff141c7f9f,SD ALKHAIRAAT TONDO
c0d3b158-013c-e111-85c4-d79e274e039f,SMP NEGERI 2 SIGI
9b998ef6-8504-4c28-9391-45799f9ac7bb,SMKN 1 WITA PONDA
70ebca58-013c-e111-be91-3f2f45f151c2,SMP NEGERI 7 OGODEIDE
f791f3a4-e23d-436e-88d2-6490c55828ee,SMP SATAP NEGERI 24 SIGI
50b92758-013c-e111-b729-dde5cf0252fd,SD INPRES BAJO
a0244f58-013c-e111-a1ce-f11270ecb7b5,SD NEGERI 2 PANAU
f093d958-013c-e111-b815-9daa515fa04f,SMP NEGERI 12 PALU
10516088-4cdf-e111-8732-45f82fed6e11,SMP NEGERI 6 DONDO
e04d8057-013c-e111-8072-a9c1926ce1a1,SDN 25 BALAESANG
90a4da57-013c-e111-9a08-f9ead37c7031,SD NEGERI 19 BIAU
50bb3aa5-71ad-e211-ab01-cbfd6b67fc7c,SMP NEGERI 1 SOJOL UTARA
127b596a-3d2b-4e1d-a74c-1e618a591bb4,UPTD SMKN 1 SARJO
00c98257-013c-e111-b186-2d048a6d346e,SDN 27 SOJOL
f74d4a4e-77fd-44e1-ad17-d5e61fd00670,MTSS ALKHAIRAAT PULU
f00e1a58-013c-e111-a516-73fbc4ede5ed,SD INPRES 1 PARANGGI
c4b06ce1-630d-49d7-87f9-34d8a7380e38,SMAN 1 BULAGI SELATAN
a0ecd757-013c-e111-b8cc-e99afecfe527,SD NEGERI 9 KARAMAT 
805a2358-013c-e111-9759-ef9cfb77aaed,SD NEGERI 5 TERPENCIL PALASA
e05c3458-013c-e111-8cf1-2953c6430f75,SD INPRES 3 TORIBULU
802f4e58-013c-e111-a56a-49b40b89d640,SD INPRES 1 TALISE
206b0958-013c-e111-99a4-af29b93baf6e,SD NEGERI 2 KOLONODALE
4064f157-013c-e111-ace4-519d7ea8d0e5,SD NEGERI ANGGASAN
2036da58-013c-e111-8092-f9115f762062,SMP NEGERI 17 PALU
70bc79d0-6585-e111-be1e-4547b5a0d9ff,SD NEGERI 03 DULUPI
46350726-1ffe-43f7-a174-7abe75da8463,SMAN 1 LORE UTARA
8d6d077d-b68a-4fd5-90ac-6a25131fdf35,SMKN 1 PARIGI SELATAN
3c6efedd-8fbb-4f6e-aa42-a578c31a8b72,SDN 2 KALORA
400e8357-013c-e111-8353-df7b66323978,SDN 6 DAMPELAS
608b8857-013c-e111-bb55-f9184669a6bb,SDN 24 BANAWA SELATAN
e08f0c58-013c-e111-a08d-9f66cce966f0,SD NEGERI LOSONG
1669bb3d-61a1-4de6-acbb-53736e126dbb,MTSS ALKHAIRAAT LUWUK
8042f257-013c-e111-965d-078602f29ba9,SD NEGERI 2 SALUMBIA
1091cc58-013c-e111-81ce-438a11bd803f,SMP NEGERI 1 OGODEIDE
bc4123cb-5c81-4f66-9f30-1d029557447f,MIS ALKHAIRAAT TADA
102ddc57-013c-e111-afb1-5bb5f542ba8e,SD NEGERI 12 BOKAT
e03eed57-013c-e111-8261-aded9029bb11,SD NEGERI 3 KOMBO
10c18e57-013c-e111-af63-4fa57312ec5d,SD INPRES 3 BALUASE
20084057-013c-e111-af92-07c4012111f1,SD NEGERI ALUL
c028dc58-013c-e111-bf77-1fa46372dd10,SMP DDI KAUKES
c028be58-013c-e111-a908-8ba10d34d789,SMP NEGERI 3 BUNTA
a0a1b058-013c-e111-8110-b51100023ad5,SMP NEGERI 3 SINDUE
5093f457-013c-e111-b451-71bef4247059,SD NEGERI 3 TOLITOLI
20166758-013c-e111-a5e6-9930136e18f3,SD BALA KESELAMATAN GIMPUBIA
80dc2bfa-f0fe-e111-aa2f-9d4460da8df6,SMPN 3 TILOAN
e04c6f57-013c-e111-af23-89216e33fa1d,SDN 3 BANAWA SELATAN
c0091858-013c-e111-b614-49b6401a167d,SD INPRES 2 PARIGIMPUU
000ef157-013c-e111-bb8c-9fe16f6e38db,SD NEGERI OGOGILI
008dc777-eafe-e111-91af-9d2e2c032ed3,SMP NEGERI 8 Satap Mbuwu Banawa Selatan
e0ae1e58-013c-e111-8131-c78c2a35526a,SD INPRES 1 DUSUNAN
fa9fb3b4-1bf8-4004-94cf-58ea327ebdd3,SMK JANUR PERSADA SIGI
a6662ac7-1f4c-409c-b15a-252c22cf92f9,SD Negeri Dongi-Dongi
804ae757-013c-e111-8995-05e43733650d,SD NEGERI 12 GADUNG
20f7f457-013c-e111-85a1-f34f6a7b6bca,SD NEGERI PERCONTOHAN
d234d2bd-38ae-4884-97d2-12ed6a9059f0,SMKS ALKHAIRAAT PALU
c01b3058-013c-e111-8d8d-f7ae9352b2f4,SD INPRES 3 TADA
8092e157-013c-e111-83f5-c59a0e3c3900,SD NEGERI 5 BIAU
799e9370-23d3-4d2c-868a-d565edda446b,MIS DDI BUNGKU
704a3f58-013c-e111-875c-79f65bc9645b,SD NEGERI SIATU
000916ba-8c18-e111-9b9f-f768aea5436d,SMP AL KHAIRIYAH
003b1958-013c-e111-8e36-0f9d800cc544,SD NEGERI BURANGA
9d3808db-8254-4d9c-b2f6-008d89f6c00d,MAN 1 PARIGI
20351858-013c-e111-a96e-69408c1f02d0,SD INPRES KAYUBOKO
90ed5a57-013c-e111-b448-a1ff683064db,SD NEGERI 3 DOLO
c0f89757-013c-e111-b3ae-776c00f487b5,SD NEGERI SANGIRA
00834d58-013c-e111-9fb7-d15ed5a08d9c,SD NEGERI POBOYA
20e17b57-013c-e111-9b85-17d3528158be,SDN 15 BALAESANG
e0ba3158-013c-e111-afb0-e94a2451d778,SD NEGERI BUGIS
806dc077-eafe-e111-94b5-1bf107949225,SDN 19 BALAESANG TANJUNG
0015db57-013c-e111-bc38-f777a171d871,SD NEGERI 12 MOMUNU
80e21c58-013c-e111-aa40-9f336bda65ab,SD NEGERI 2 SIDOAN
b985e94f-36e6-4313-9fb0-45cb23e26e2b,SMKN 1 TAOPA
c087f357-013c-e111-8fa3-6d8f4cbaa7d3,SD NEGERI 3 KAMALU
c0e41958-013c-e111-946c-f94b1afc06eb,SD NEGERI TOGA
9487f093-13dc-4809-8b77-c913295eae72,SMAN 1 MOMUNU
e0954f58-013c-e111-bb9f-09803c179ac3,SD NEGERI 7 TAIPA
10c42658-013c-e111-84a4-3da3deec4c89,SD INPRES 1 WANAGADING
90752871-6641-4654-bfa3-73c0dedffe98,SMAN 1 ULUBONGKA
c038f357-013c-e111-bf60-1b93dd9b2edb,Sekolah Dasar Negeri 1 Buga
40471758-013c-e111-badb-fd19cffe2d31,SD INPRES DOLAGO
c0b0e357-013c-e111-b8d9-379f330850e1,SD NEGERI 9 TILOAN
5c063882-9f19-4c95-8c73-822144912be9,SMP NEGERI 2 SOJOL
72f6825e-4cff-4d9e-bde6-463b8ee0b2f8,MTSS DDI TOSALE
d0dbcf58-013c-e111-bcea-5d5c807e244b,SMP NEGERI 1 PETASIA TIMUR
70de3258-013c-e111-801a-6ba308b96d3a,SD NEGERI DOLAGO
10f90058-013c-e111-b5ed-4fb971653500,SD NEGERI UMBELE
e0cb3958-013c-e111-b2a6-293d53a7f270,SD NEGERI PAYOMPO
d0041258-013c-e111-b5d2-c5fa37ba8867,SD NEGERI 1 TANANAGAYA
a05a1e58-013c-e111-8df8-0d47b1ea458d,SD INPRES 3 SIDOAN
856bd0f0-b684-4d80-8c1f-ac601bd1b2ff,SMP Negeri 6 Gadung
e0958457-013c-e111-9ea3-e71d1b58e2d4,SDN 27 DAMPELAS
3dde0f4d-4dd6-4a10-8e20-13cf16fb5786,SMPN 3 PETASIA SATU ATAP
40eb3658-013c-e111-b1f5-43d3a9cb2382,SD NEGERI UEMATOPA
a0f11f58-013c-e111-bc06-4b35659d37e9,SD NEGERI 1 PALASA
f03660ac-30f5-e011-a978-6773e39e7de4,SD NEGERI 3 MATALI
90202258-013c-e111-9887-41ff18f55d26,SD INPRES 3 PALASA
9017bb58-013c-e111-aa64-b5153b851056,SMP NEGERI 1 LORE TENGAH
a159e828-58b5-454d-a50a-3f5b4c60826f,MAS ALKHAIRAAT SIGENTI
c6140d29-58be-4544-a243-8f5cb396230a,SMK TOVEAKU
30d97d57-013c-e111-870c-c38fce7d94ce,SDN 4 BALAESANG
1f853491-d0e7-449b-a2cc-acdecb68c666,SMP Negeri 4 Petasia Timur Satu Atap
2871d177-dfd3-4650-9484-6cf1a081f2e4,MAN BUOL
146024ce-1f69-40b3-bcda-b94cf431c25b,SMAN 1 BALAESANG
e00aa157-013c-e111-b907-757036a203c0,SD NEGERI 23 POSO
d22c47b2-3d56-48a3-bdfa-f88cbc7cf7b4,SMKN 1 BOKAT
10bcba58-013c-e111-bf93-2939c4d0c282,SMP NEGERI 2 LAGE
40f22758-013c-e111-94fc-7bc5e6197248,SD NEGERI MALINO
70bcf057-013c-e111-85bd-69188487db68,SD NEGERI 2 MALALA
a0597f57-013c-e111-8996-930616b05ad3,SDN 16 BALAESANG TANJUNG
b09d9957-013c-e111-a08f-c56924d74ba9,Data sekolah kosong (ID tidak aktif/invalid)
a044fb57-013c-e111-8ca9-f17a25a99e72,SDN. 2 DUNGINGIS
c491b9bc-caed-4c4c-96ab-6a2fef733d0e,SMP IT PERSIS PALU
805f3158-013c-e111-b1f7-79fd47877089,SD INPRES 1 MEPANGA
600b7c57-013c-e111-8daf-23783b44bb5e,SDN 25 SIRENJA
d3a52fc6-af64-46ce-8170-fd4a57a0ea4d,SDN BAJO
8089fb57-013c-e111-9686-81491e6e6fe2,SD NEGERI 5 BASI
80782758-013c-e111-82b7-bdc8e63406a5,SD INPRES 1 MALINO
c0606e57-013c-e111-ab2d-47a9868dcf68,SDN 1 BANAWA SELATAN
7bce9341-c9cc-4144-8a3a-fefb81cf933c,SMKN 1 SINDUE TOBATA
c0396d57-013c-e111-9a60-3fcc4a1048d3,SDN 10 BANAWA
6c659f93-9a2d-4919-bde2-ffb38c505e56,SMTK SETIA MAMUJU
909ac077-eafe-e111-a144-c3ec58c4220f,SD PT Lestari Tani Teladan 
a3c6b4f2-e9b6-4746-b5d5-81a84b98f0dc,SMAN 5 PALU
80e63057-013c-e111-ba15-857dbed14cbc,SD NEGERI ALASAN
18362053-d562-46ca-8b01-5b09b9a46d14,SMPN 20 KENDARI
f0d9592d-38f3-e111-84c4-ed0d6898a04c,SMP SATU ATAP NEGERI 16 SIGI
edbcde7a-c62c-4aef-a4be-1070573b6bea,SMAN 1 PALELEH BARAT
50a9ce58-013c-e111-9710-05307f63f0ab,SMP NEGERI 1 BUNGKU BARAT
82a08e0b-63bd-470f-b6e1-f874b80b4b5b,MTS ALKHAIRAAT PUSAT PALU
40f81c58-013c-e111-817c-896b0d0fb7ee,SD NEGERI BONDOYONG
f0332758-013c-e111-9920-f1bbfef74d30,SD INPRES 2 LAMBUNU
108c9b57-013c-e111-b5a3-c3976fedcd36,SD NEGERI 2 KASIGUNCU
009e2358-013c-e111-8fda-c1948d177243,SD K TERPENCIL SARAMBU
90d0c757-013c-e111-889e-23c9b529f5e8,SD INPRES LEMPEK
119f7d93-1313-486b-84e9-b71d74d896b9,SDN 33 DAMPELAS
e063a816-c195-e211-b632-4db80aff3811,SD NEGERI KOTARAYA
edfae93b-280b-488b-8336-d99e417c9403,SMP NEGERI 6 AMPANA TETE
a0d2dcf3-7fd8-e211-9423-47d31554d759,SD NEGERI 8 PALELEH
b52a35e5-8691-4978-83e2-64575c493270,SMAN 1 DONDO
4051f857-013c-e111-8de0-51fd98917234,SD NEGERI MALANGGA SELATAN
e0d16558-013c-e111-845c-65f7fc030010,SD ISLAM NURUL IKHLAS
80d60058-013c-e111-adc2-8d907209e941,SD NEGERI GUSUMOTAHA
40f0d858-013c-e111-9aee-91b841977a2c,SMP NEGERI 5 PALU
c219256f-3b83-4e38-b5b8-68d7b220e04e,MIS ALKHAIRAAT DONDO
c08d3d58-013c-e111-ade8-0fdd232fb965,SD NEGERI 14 RATOLINDO
d0292bfa-f0fe-e111-a58b-2fa9b5eeada5,SMPN 2 Karamat
44e72b44-0f0a-4bdd-a796-c75a230cbdb5,SMP NEGERI 6 LUWUK TIMUR
f00fabd0-6585-e111-9655-d1edeffefbfd,SDN 03 MARISA
80a5d858-013c-e111-a730-972c09a105ce,SMP NEGERI 11 PALU
e08dda57-013c-e111-8e7d-1337765fc322,SD NEGERI 18 MOMUNU
208d7157-013c-e111-bf30-3fd19f0c39f4,SDN 10 BANAWA TENGAH
50ac0358-013c-e111-8503-e524926f7be7,SD NEGERI WOSU
30f02f58-013c-e111-b59a-dffcd8f5244a,SD INPRES 2 TADA
30bfc858-013c-e111-97ca-b36c0522b1f0,SMP NEGERI 2 GADUNG
40243a58-013c-e111-aeba-ffb00d3f268b,SD NEGERI LONGGE 
500c0258-013c-e111-876c-b905042d108e,SD NEGERI 08 BUNGKU
0021ca58-013c-e111-9d47-b5693f35d58c,SMP NEGERI 3 DAMPAL SELATAN
9e3e776d-49e6-4940-ac82-f3f890d393cb,SMAN 7 PALU
005c3358-013c-e111-8f09-4d3f8b0208a2,SD INPRES BOYANTONGO
e0c01658-013c-e111-ad16-ed693b8fae51,SD NEGERI POMBALOWO
70a60bbf-f3fe-e111-b4e3-5d69cc06b7a5,SD NEGERI KEAK
70d58757-013c-e111-8947-43cfc4b535f2,SDN 9 BANAWA SELATAN
80d5c377-eafe-e111-8c48-bbd356a5d73a,SMP NEGERI 4 Sindue
60934658-013c-e111-8e89-75be007d9011,SD NEGERI 20 PALU
60b9b558-013c-e111-a98f-33c4e040ac4e,SMP NEGERI 1 SIRENJA
f0cec577-eafe-e111-a7be-a964f8ed9dcf,SMPN  Satap 3 Balaesang Tanjung
8ebf3066-93c6-4dd8-9053-7ef01a9dbd68,SMAN 1 PALELEH
e0d96258-013c-e111-b44a-3368c3f7793d,SD DDI CABANG PARIGI
20a9625c-fbfe-e111-91a6-577912b03d2d,SMP NEGERI SATU ATAP NEGERI 1 TINOMBO SELATAN
7c9742d4-fd72-49ae-9200-a7ec728cea66,Data sekolah kosong (ID tidak aktif/invalid)
60787b57-013c-e111-86fb-1d7857add049,SDN 12 BALAESANG
1066d958-013c-e111-bc1e-efc6e933e8a9,SMP NEGERI 4 PALU
906cd058-013c-e111-8dd4-29c1a4094d02,SMP NEGERI 2 BAHODOPI
60fccc58-013c-e111-99f6-a3a3f40fad92,SMP NEGERI 2 OGODEIDE
c0182558-013c-e111-9664-e54f03f35c5f,SD NEGERI 1 TULADENGGI
c078fe57-013c-e111-8713-cbd06a786829,SD NEGERI POLEWALI
3f9bc0fb-83ee-4265-9605-7915214eab5f,SD NEGERI LABUAN NGEHA
70c03258-013c-e111-aaf6-8da7d549ab34,SD NEGERI 2 KAYU AGUNG
602e3558-013c-e111-906b-2331537973bd,SD NEGERI PANCUMA
e0a6ef57-013c-e111-9391-e75943bc96fb,SD NEGERI 3 BAMBAPULA
231ffbfe-9dd3-475d-ba3f-8b7e96468c07,SDN INP 5 PALASA
a0943357-013c-e111-b605-e314c0f23c77,SD NEGERI 2 BANGGAI
8032d758-013c-e111-92d1-39723eb281b0,SMP NEGERI 2 RATOLINDO
00d05f88-4cdf-e111-ad51-a90c5291419e,SMP SATU ATAP PULAU LINGAYAN
e03c2358-013c-e111-87a3-ddb40e0ff9f3,SD NEGERI 3 TERPENCIL BOBALO
40355457-013c-e111-8e2c-b94c8a508d5f,SD INPRES SALUA
e390c786-4ebe-40d1-8a30-fbac0d4426c6,SMP Negeri 3 Lembo
03abc6ab-b32b-4d8f-bcf2-19ac63f1101a,SMKN 1 RIO PAKAVA
c0386558-013c-e111-af06-7b484777f956,SD KRISTEN GPID PALU
2026cb58-013c-e111-b77a-152035d07fd3,SMP NEGERI 1 TOLI TOLI
406c6258-013c-e111-880d-0312dcae456f,SD GKST SEA
c061ad58-013c-e111-a230-d10167329c70,SMP NEGERI 4 TOTIKUM
336ab068-d888-4309-821e-4fd8b60a9592,SMAN 1 BALANTAK SELATAN
0076da57-013c-e111-9f06-4f695a48efdd,SD NEGERI 17 MOMUNU
a09d2858-013c-e111-809a-77913a7a4de3,SD INPRES 2 WANAMUKTI
10248657-013c-e111-9960-ff6ce58fed23,SDN 10 SOJOL
a1609dc2-5cf7-4d15-9b32-2c47e537694e,SD ISLAM TERPADU IMAM MUSLIM
0056c258-013c-e111-9ef3-bd2062bb170c,SMP NEGERI 1 LUWUK TIMUR
b1cda356-2d44-43e9-b134-91800c47f553,SMPN SATAP 6 RIO PAKAVA
80409429-22be-e211-88b4-5906bb373a26,SMPN SATAP 9 BANAWA SELATAN
5dc7145f-b098-438c-a525-150a2ddfe70b,SMP NEGERI  4 SATAP TILOAN
60f48d57-013c-e111-a1a4-1d53a292d6ce,SD NEGERI WISOLO
80e32dfa-f0fe-e111-bde1-03a379a369a3,SMPN 5 GADUNG
d0195f88-4cdf-e111-9b54-f5a982b7f497,SMP SATU ATAP BULU MINUNG BANGKIR
203ad658-013c-e111-88be-8d30f4d76d54,SMP NEGERI 1 ULUBONGKA
40340e83-6f3b-42c7-94f5-e49bd677325c,SMK NEGERI 3 SIGI
a306d9a0-37ca-4d97-8575-bb9e31a5db00,SMP ADVENT LEMOSIRANINDI
c03a4a58-013c-e111-85ae-efef439d2e62,SD NEGERI BIRO
30461158-013c-e111-a614-aba9328ed60c,SD NEGERI 1 PUNTARI MAKMUR
3a7acbd3-985e-4d26-b79c-25a943d684e8,SMKN 1 SOJOL UTARA
e342091c-1050-45d3-b367-dcaf2239958f,MTSS DDI LONJA
20bb2258-013c-e111-bff0-cbb8e6e0eb60,SD INPRES 2 EEYA
e0dce757-013c-e111-ab15-0d237d54d7d7,SD NEGERI GELLENGNGE
40908757-013c-e111-ae2f-dde34f2d7336,SD NEGERI KILO
cb889956-8552-4979-bb52-7eb337e22d36,SMKS AL ITTIHAD DDI SONI
a2000d95-dcc5-4f45-9744-d5024b50e460,SMPN SATAP 9 DAMPELAS
a0830658-013c-e111-9006-8baef5c14173,SD NEGERI BINTANGOR MUKTI
c071f557-013c-e111-90dd-6fa2b71afcd3,SD NEGERI 26 TOLITOLI
ee4066cf-a1bd-4be5-94c4-f4fa35c6fe6e,MTSN 3 DONGGALA
207ee558-013c-e111-8f64-e7c9231e277b,SMP ALKHAIRAAT 2 PALU
20fbe158-013c-e111-b2e1-5feb458ed087,SMP MUHAMMADIYAH KODOLAGON
2d8bfbc7-7ebc-4f2a-80fa-70848f88ae35,Tahfidzul Qur`an Masjid Tua Bungku
7057ca57-013c-e111-a077-b9bd85a246f1,SD NEGERI 1 KAYUTANYO
103cbf47-6fb4-e111-b1e7-cb6d547eb4e4,SMP NEGERI 01 BARAS
b09af557-013c-e111-9053-31e70c38fa1a,SD NEGERI LUTUNGAN
40a13d57-013c-e111-9e8e-0948c80aeb10,SD NEGERI BUNGIN
20b29557-013c-e111-8552-4392cf1ad154,SD SMP NEGERI SATU ATAP BARATI
00518a57-013c-e111-8fe3-fbc8b57fbe32,SDN 11 RIO PAKAVA
4655409a-0999-4e76-8a62-6cbaafffe36a,SMP NEGERI 4 KASIMBAR
c0fc2e58-013c-e111-a741-3327f2430597,SD NEGERI MANINILI
00345bd1-61da-e111-82da-ede7f4a5676d,SMP NEGERI 2 MORI UTARA
673013ae-bedb-4c4f-9b0e-5540a1b3775b,SMAN 1 DAMPAL UTARA
809fcf58-013c-e111-b277-954e79d4a497,SMP NEGERI 1 PETASIA BARAT
2fb9c7ff-5887-461c-9fb7-d47b1b76be4b,SMAN 1 BUMI RAYA
6010e458-013c-e111-b5e9-3df251f0c661,SMP ALKHAIRAAT PARIGI
80685b58-013c-e111-b3aa-318a5970fab2,SD BALA KESELAMATAN TAMODO
70f2bb57-013c-e111-b26e-bfadf6834d4e,SD INPRES BONDAT
e02c4658-013c-e111-9728-d9560dbeb015,SD NEGERI 11 PALU
40cd1c58-013c-e111-b41a-09e3c113c4ec,SD NEGERI 1 SIDOAN
40a8bd57-013c-e111-85b5-3b023074dae7,SD NEGERI SOBOL
000dbf58-013c-e111-8cf8-43eb81151676,SMP NEGERI 5 LUWUK
104b2758-013c-e111-b21e-dbe9eca67cbd,SD NEGERI LAMBUNU
709a4058-013c-e111-a8b8-3ba23875e144,SD NEGERI KADODA
a0acf857-013c-e111-b4f7-df06b1748b13,SD NEGERI 1 LAKUAN TOLITOLI
11c9f520-75a5-4835-83f2-adb40ceac5b6,SMAN 1 BUNGKU
e0c0a76b-ec13-4265-8456-e014aeabddfc,SMAN 1 BOLANO
6023ec5b-b2d5-e211-9235-474897eef020,SMP NEGERI 9 TOILI
2060f357-013c-e111-9d3f-915a590a19cf,SD NEGERI 1 KAMALU
73874346-622e-45b6-ac36-e8c24fd21277,MIS MUHAMMADIYAH
60ba6058-013c-e111-ac36-f5a6b4364d61,SD MUHAMADIYAH SONI
80034758-013c-e111-8be9-3df84d70dc75,SD NEGERI WATUSAMPU
20ecba58-013c-e111-93ac-2b53f342b858,SMP NEGERI 4 POSO
80696058-013c-e111-9f37-93715db6824c,SD GKLB LEMELU
40133757-013c-e111-9d4e-53eff1a73e62,SD NEGERI TOBUNGKU
78d60028-0702-4fd6-ba88-f227bc1a2037,SMPN 7 Balaesang Tanjung
008b3d57-013c-e111-92e3-ed5b06b414cf,SDN INPRES TUNGGALING
203cae57-013c-e111-9ee0-ed1487c1cf20,SD INPRES APPDT BATUI
e005b358-013c-e111-a8c1-b92499b43229,SMP NEGERI 8 SIGI
308c3958-013c-e111-a66d-973809119be4,SD NEGERI BANTUGA
80434058-013c-e111-af08-83aef9077b07,SD NEGERI OLILAN
5599cbc7-9bec-4f30-b5cc-08f2b1332145,SMAS KRISTEN GPID PALU
e0af0d58-013c-e111-b2c6-b55669f50b39,SD NEGERI UE BANGKE
e05e0c58-013c-e111-a19f-dd1ee7665980,SD NEGERI SILITI
e02ff21e-ac84-e211-831b-b713103638e0,SMP NEGERI 3 POSO PESISIR
404bf757-013c-e111-9656-77643754d0b6,SD NEGERI 1 TINIGI
6766b59d-c40d-4a94-9563-087f1fbf33c0,SMAN 1 SINDUE
d0692bfa-f0fe-e111-b545-ad67d45b1e96,SMPN 4 KARAMAT SATAP MENDAAN
4cd2814e-4dc0-44c7-a854-d3babc9267a2,MTSS DDI SIAPO
3084eb57-013c-e111-a40f-f3aa683c6866,SD NEGERI 6 TOLITOLI
c0171458-013c-e111-ac3f-dfaa444081b2,SD INPRES 2 SAUSU
30da4558-013c-e111-9d26-b767b24066c7,SD NEGERI 4 PALU
59a94474-9141-4c7d-a57a-197f67911be5,SMAN 1 TOMINI
40e5d6b0-2c04-421c-993a-a4bb4cd06172,SMP PERSADA KAMPUNG BARU
c0cf0358-013c-e111-9bdd-6ba8cc9af9a3,SD NEGERI UMPANGA
e0112658-013c-e111-a42e-dfe3b2f17127,SD INPRES RAJA BASAR
4073d758-013c-e111-b9e8-3d6df9adfad8,SMP NEGERI 1 UNA-UNA
f0e0b558-013c-e111-a51e-69d687caab86,SMP NEGERI 1 BALAESANG
5089955c-53f2-e111-b4ce-d52378c995a0,SMP NEGERI 4 ULUBONGKA
99392669-561b-4965-86ff-a2bb15429294,SMAN 1 BUNGKU UTARA
b01ce5b0-7d00-4f52-a677-4264c5d4ea76,SMK NEGERI 1 BANGGAI
e9a723f8-9b7f-42d7-9ef1-0195872e35d9,SDN 11 BANAWA TENGAH
8ac1d4ed-594f-494e-be02-ef6aa6a89f9d,SMP NEGERI 4 TOGEAN
804e3658-013c-e111-9d83-852214962bee,SD NEGERI TAYAWA
b0a3ab57-013c-e111-9cfa-a53bc651b69c,SD INPRES SUKAJAYA
90335058-013c-e111-b158-eb25ba5fa6fe,SD INPRES 3 LAI
30b63257-013c-e111-9aef-85b066ff762e,SDN INPRES KALUPAPI
f0e5858a-87d1-e111-acb9-4fa23ed48dcc,SDI RAUDHATUL JANNAH
50e97f57-013c-e111-9773-21f5b2010e03,SDN 22 BALAESANG
209b5058-013c-e111-aae4-c5193aaef478,SD INPRES 8 MAMBORO
f0902958-013c-e111-b1e5-4f62e8b17b14,SD NEGERI SALMEKAR Wilayah Khusus
60ebd658-013c-e111-9e26-0b7fd6a4f2a4,SMP NEGERI 4 AMPANA TETE
80ee4558-013c-e111-9181-4df75fca74e8,SD NEGERI 6 PALU
6a6eaeef-ad60-41c8-b5eb-34723ec71e9c,SMP NEGERI 7 MENUI SATU ATAP
0fd2933b-93c7-48e6-b105-d2474e5172fd,SMAN 1 AMPANA KOTA
a0a32e58-013c-e111-827d-310f9d06a5e9,SD NEGERI BAHARI TADA
00c3d958-013c-e111-a99e-2d8c0cb93da6,SMP NEGERI 15 PALU
e036db75-4f97-e211-8073-657d48a95076,SMP SATU ATAP NEGERI 1 PARIGI BARAT
a000ae57-013c-e111-8609-250eb575293f,SD INPRES KAYOWA
200bd158-013c-e111-beb2-2d3774a4fdf8,SMP NEGERI 1 MAMOSALATO
f8a26b9c-9dc4-45c0-a3db-d623eaa6a415,SMP NEGERI SATU ATAP SIBALUTON
80184757-013c-e111-bd90-61cfc115b855,SD NEGERI OSAN
80378557-013c-e111-9dd4-9352c68d8437,SDN 2 SOJOL
707aba58-013c-e111-9645-e7d4bc10b303,SMP NEGERI 2 POSO PESISIR
235b4b2d-4c6b-49d2-81d5-623da87c9556,SMA NEGERI 2 UNA-UNA
9016645c-fbfe-e111-a667-67501599de3c,SMP ALKHAIRAAT BAJO
20caed57-013c-e111-b321-ad2a26ed59d8,SD NEGERI PEKKASALO
60f6c715-489f-4d97-88cb-8f6f971416ef,SMA NEGERI 1 BALAESANG TANJUNG
602e5258-013c-e111-a671-0121645e3e73,SD NEGERI LEMBANATO
705c7a57-013c-e111-8a5d-fb7795546e87,SDN 1 SIRENJA
00eb4257-013c-e111-8363-7761a3daa79d,SD INPRES MATAMALING
a08f5d57-013c-e111-8110-7d2cbbd25452,SD INPRES 1 LANGALESO
707e125d-e7fe-e111-920f-5f86b95ebd3f,SMP NEGERI 4 SATAP NUHON
195b8ae1-c849-424e-871b-66e4e9f4db08,UPTD SMAN 1 BULUTABA
90f2b844-1406-e211-ba1a-f7df1c9aae80,SDIT WIHDATUL UMMAH
b7b7b7b9-a43a-465f-8979-b19770e44abc,SMKS AMALIAH PALU
4035bf58-013c-e111-81ec-d30e0a8c4696,SMP NEGERI 6 LUWUK
2064f657-013c-e111-a802-55c209da2ed5,SD NEGERI TOBOLOIT
90704958-013c-e111-bf29-e199be7e963a,SD NEGERI 13 PALU
00fa8557-013c-e111-b274-2d1a4437ed2f,SDN 28 SOJOL
77206cd3-bc26-4ad8-8bcc-cb0d44723787,SMA NEGERI 2 TOJO
60c21158-013c-e111-86c5-3ddea29ecb63,SD NEGERI KOLO BAWAH
a0f82c58-013c-e111-aac4-015fc7333307,SD INPRES TORUE
80c5c158-013c-e111-a04c-cd5e1469a600,SMP NEGERI 2 BUALEMO
002e5d57-013c-e111-a7d0-019f7036dd65,SD INPRES KOTAPULU
402e6557-013c-e111-a7d8-3b44355b440c,SDN 6 PINEMBANI
c0dd2e58-013c-e111-8e1e-55d52541af81,SD NEGERI INTI SIGENTI
c0c46ca2-c1cc-e111-a034-ed5f4613706d,SD BK Siwongi 
50213457-013c-e111-b48b-0b31ceb8c4c3,SD NEGERI TOLOKIBIT
40193f58-013c-e111-8085-47456eb368f1,SD NEGERI KULINGKINARI
2027a352-70cc-430c-87e5-6880d1c2d730,Data sekolah kosong (ID tidak aktif/invalid)
f00a511a-53f2-e111-8f0b-bf615826ee13,SMP NEGERI 7 ULUBONGKA
e0a8b757-013c-e111-8d20-7d31ecc293b8,SD NEGERI 7 BERTINGKAT LUWUK
dddf02e0-7d9d-42ac-ac82-e5ae4a2ca99c,SMPS IT AN-NAS 2 PATTIRO
c0222958-013c-e111-bac2-173be9a21a73,SMP SATU ATAP NEGERI 1 BOLANO LAMBUNU
b2429959-6bcb-4f56-b104-8647f3e1f660,MIN 3 PARIGI
ae44da0b-90e6-4a41-9a9e-c9bb64271012,MTSS ALKHAIRAAT BALAMOA
a85007a8-efd8-4479-8193-e5fac06417fb,SDN 23 RIO PAKAVA
80036358-013c-e111-b270-51a36684b2ab,SD ALKHAIRAAT TOMOLI
e045f657-013c-e111-bede-9172892b53d8,SD NEGERI 1 MAIBUA
d17840c8-7cb5-4080-a464-9c5dd47c0ad8,SMAN 1 PAMONA SELATAN
895bc6ed-b092-41b9-a477-e337c3f2b5da,SMP AL-IHSAN SABANG
50f1db57-013c-e111-8969-4f5ac9ee3b67,SD NEGERI 9 BOKAT
a03dba58-013c-e111-9265-7ba9d5caf920,SMP NEGERI 1 LORE TIMUR
a0ec7657-013c-e111-8035-ab70feb07a67,SDN 14 SINDUE
8003c458-013c-e111-a28d-a3e3f9aec718,SMP NEGERI 1 NUHON
a05f0858-013c-e111-b446-138b6196d210,SD NEGERI 2 TALIWAN
607fa141-0269-e211-9f01-1784c3b0ea88,SD NEGERI SILAMPAYANG
70a42758-013c-e111-a959-7bc786a26c68,SD INPRES BOLANO
915c9731-4fed-4166-b584-e433eb2e4398,MIS ALKHAIRAAT PATIWUNGA
60656f57-013c-e111-a060-1fa1c4dc65a0,SDN 17 BANAWA
50aff557-013c-e111-99ec-e1270403fa29,SD NEGERI 2 TAMBUN
7032572d-38f3-e111-b427-59cf20a2cf07,SD NEGERI 4 TOMADO
6dc7c91e-d470-4cad-a29e-d86b2f3e3953,SMA INTEGRAL RAHMATULLAH
108d0358-013c-e111-88ab-7f661efc9c79,SD NEGERI BAHOEA REKO REKO
00840258-013c-e111-816b-990a8949004b,SD NEGERI 09 BUNGKU
3001f657-013c-e111-ab06-7da6d036acfb,SD NEGERI 1 DADAKITAN
d0ad6857-013c-e111-99de-35d5c68bf1ce,SD INPRES LOLU
c05ec157-013c-e111-b5f5-d160e36c0d50,SD NEGERI 1 TOLISU
507d6358-013c-e111-b8c2-31dc4b07737b,SD MUHAMMADIYAH TAOPA
40d0d258-013c-e111-9674-052ad47d6284,SMP NEGERI 1 SINIU
a0223d58-013c-e111-87b9-df57b47a8d88,SD NEGERI 10 AMPANA KOTA
40bffd57-013c-e111-b470-336ee8da7463,SD NEGERI DONGKALAN
c0a8b258-013c-e111-bc84-b18322132788,SMP NEGERI 12 SIGI
8073e058-013c-e111-8cec-1996e4dac1c1,SMP MUHAMMADIYAH LUWUK
105d5058-013c-e111-8c54-8b8c0adf0127,SD INPRES 5 TAIPA LAGA
f06f9157-013c-e111-9bc6-c9d7dd4e3290,SDN 8 RIO PAKAVA
80bd6557-013c-e111-9015-1fd6e8e48fe3,SDN 28 BANAWA SELATAN
c0d46b57-013c-e111-93fa-0f86263b6680,SDN 9 BANAWA
705abc58-013c-e111-93bd-f3b38faeffae,SMP NEGERI SATU ATAP KAGEROA
0054a9a4-31f3-e111-a6ed-fb7f97e09b81,SMP SATU ATAP NEGERI 10 SIGI
40b7b058-013c-e111-908f-b779f084ad50,SMP NEGERI 3 SIGI
50a198fb-32b5-e111-9760-3b5303bf8e03,SMP NEGERI 3 SATAP SINGKUP
e097bd58-013c-e111-91ef-1daa7f842fef,SMP NEGERI SATU ATAP
80ba6458-013c-e111-9a32-47d267fb8c6b,SD PGRI PALU
00ef2f57-013c-e111-afd3-ef5ba912bc52,SD INPRES 1 UJUNA
a04d4257-013c-e111-b6fa-038d56ac5b37,SD INPRES 2 PAISUBATU
c820d425-f477-4fbf-8c28-d2c7deaac468,SMAN 1 LAMPASIO
20325d5c-fbfe-e111-bc61-098917759cce,SDN TANGKELAI
a0222458-013c-e111-9966-5d5746ea1067,SD NEGERI 4 MOUTONG
00532058-013c-e111-91c0-3bd8295d8658,SD NEGERI 1 BOBALO
a72e5198-e009-4948-99b0-4e2b2b71c1bf,MIS ABNAUL KHAIRAAT LAKEA
c0973e58-013c-e111-8a7e-b5f71227729a,SD NEGERI TUMBULAWA
c0a11858-013c-e111-b489-edef489e0262,SD INPRES 2 BANTAYA
e0ac5c88-4cdf-e111-a4dc-5d002e69b7e6,SMP NEGERI 4 DAMPAL SELATAN
702b5e58-013c-e111-b845-896dc59e10c5,SD MUHAMMADIYAH POSO
80aeb658-013c-e111-8cb6-9f71afe37293,SMP NEGERI 2 AMPIBABO
4c812279-4ef3-4c87-a1ad-8a4eafd973a2,SMPN 4 PALELEH BARAT SATAP HULUBALANG
10941458-013c-e111-b49e-913f294bcdf6,SD KECIL SALUBANGA
00025a58-013c-e111-b0d8-915eee7de967,SD BALA KESELAMATAN KANTEWU
8049f957-013c-e111-b967-7bf87d42eeac,SD NEGERI PINJAN
2066ae58-013c-e111-8dcb-0d39bf4966bf,SMP NEGERI 1 BUKO SELATAN
60d0f057-013c-e111-936c-5581d1415a24,SD NEGERI 3 MALALA
3048c457-013c-e111-ac10-85c6fdc08949,SD INPRES 1 BALANTAK
0074d858-013c-e111-b434-850b012f387e,SMP NEGERI 8 PALU
b04ee257-013c-e111-b9e3-a56ce85f953e,SD NEGERI 14 BIAU
03985b9a-a756-4db8-9284-4f8f59082cce,SDN 32 BANAWA SELATAN
49282aee-10ed-4fc4-9679-7464eee9869b,SMAN 1 MASAMA
a0886257-013c-e111-92c2-efc7fcb579e0,SDN 23 BANAWA SELATAN
804d3157-013c-e111-a006-5f46b84b844b,SD NEGERI TADIANABUNGIN
9e7ac61c-7400-4312-84a2-9aca9b7f78f2,MTSS USWATUN HASANAH MODO
80be0058-013c-e111-a7b5-db135a1e66d9,SD NEGERI JAWI-JAWI
c06ee357-013c-e111-89ef-dbebcb71ed93,SD NEGERI 6 TILOAN
98334b45-9479-432f-a6a6-23bb4e5bd6cd,SMKN AMPIBABO
b0e6a457-013c-e111-a68c-a108fbc1d7bd,SD NEGERI 2 TAMBARANA
a0f08a57-013c-e111-b5f2-3128276fbc42,SDN 5 SIRENJA
802eba57-013c-e111-a77d-0b0b43109811,SD NEGERI HUHAK
1002ca58-013c-e111-b91d-8197a13e83b9,SMP NEGERI 1 DAMPAL SELATAN
10ce0fbf-f3fe-e111-aadd-15b3192c432b,SMP NEGERI SATU ATAP MINANGA
e07f4657-013c-e111-9ef3-45053ff3016d,SD INPRES PANDALUK
907ee157-013c-e111-9eff-fd2ca17b16c3,SD NEGERI 4 BIAU
a0fb3c57-013c-e111-8f19-27ad48d7a943,SD NEGERI 1 OKUMEL
500d4457-013c-e111-a555-912b5ab5c48a,SD NEGERI KASUARI
40bd4a58-013c-e111-8f10-add18c427edb,SD INPRES 1 TATURA
c04ac857-013c-e111-96bf-75797abb2f5a,SD INPRES TRANS MAYAYAP
4081fc57-013c-e111-8326-3db72a59824c,SD NEGERI PADALAA
2050ce58-013c-e111-9237-9d2d2ec473f5,SMP NEGERI 2 BUNGKU
c0ded358-013c-e111-b293-c1d59637d214,SMP NEGERI 1 TAOPA
c0b9dad0-6585-e111-983e-df7eb2d13269,SMP NEGERI 1 RANDANGAN
0079d658-013c-e111-b5f7-dd6c6140cc1f,SMP NEGERI 3 ULUBONGKA
c05f9434-26ae-e211-8a02-5116bf72aac7,SMP NEGERI 6 DAMPELAS
4d0a77b2-3a98-4c8e-a4d2-49b1e1196141,SMKN 1 POSO
3a47703d-9de8-4dbf-b7ab-eed7030f6a52,SMAN 1 TOLI-TOLI UTARA
80d547ac-30f5-e011-ae5c-f53df22bf0f3,SD NEGERI 1 MOTABANG
70b12458-013c-e111-88ab-dbe3c258304e,SD INPRES MOUTONG BARAT
807f9957-013c-e111-9839-55e3fce3a8d5,SD NEGERI ALITUPU
f0aad758-013c-e111-b0ec-893414768574,SMP NEGERI 1 WALEA KEPULAUAN
f0d24a58-013c-e111-bf5b-b91bdd86f165,SD INPRES 2 TATURA
2011ce58-013c-e111-a333-dbb9994e9b42,SMP NEGERI 2 BUNGKU SELATAN
a021d0d4-54d9-e211-bf5f-59cd8ea4d1ec,SMP NEGERI 8 TOILI
80087449-1613-4389-86e1-93eaaf8b2de8,MTSS AL KHAIRAAT SALAKAN
f4491453-82d6-4b1c-992e-ba34790d743a,SMAN 2 BANGGAI
b2fdfeb3-2019-40f2-8584-9edd4c5b594b,MTSS ALKHAIRAAT SIDOAN
c0f97357-013c-e111-9c3b-49f7c2dc398d,SDN 12 SINDUE
a26a6943-f195-4005-86b9-d99366c1aea1,SMAS SARASWATI TOLAI
2005df58-013c-e111-9bc6-e96f7f1e6555,SMP GKST TARIPA
c01ad758-013c-e111-ba24-979cb4ca4309,SMP NEGERI 1 RATOLINDO
c030f957-013c-e111-b7ff-ebc8c56e4574,SD NEGERI 5 BINONTOAN
e048cb58-013c-e111-9c84-795dc168fe05,SMP NEGERI 3 TOLITOLI
50591f58-013c-e111-951d-1196d389feae,SD NEGERI 1 EEYA
3b500cf5-5f2f-40e5-b3a6-81d81f652426,SMKN 5 PALU
c002cb58-013c-e111-88ea-6d128f94e795,SMP NEGERI 7 TOLITOLI
d140f08d-2021-47d2-9e7b-702fd8519102,MTS IKHLAASUL KHAIRAAT
80e4f057-013c-e111-a232-2d358f05912b,SD NEGERI 1 TINABOGAN
10a18057-013c-e111-bb3c-770d4233b4e1,SDN 24 BALAESANG
c096b958-013c-e111-880e-7df9d1fc9073,SMP NEGERI 1 PAMONA UTARA
4d5db373-6582-43f4-b55b-17c24739fdd4,SMAN 1 TOJO
f0523a58-013c-e111-b20e-1b4bd6747605,SD NEGERI 2 BALINGARA
70f03558-013c-e111-b80e-6d639def0e71,SD NEGERI SANDADA
c0c4e558-013c-e111-b8b2-59078b05e7a9,SMP KATOLIK SANTO PAULUS PALU
507fd558-013c-e111-b9e5-4fcbb0630863,SMP NEGERI 1 MEPANGA
9ccd9e0d-14a7-42cf-891d-59568464efc3,MIS AL-IKHLAS MENSUNG
504ed958-013c-e111-9782-c1978d0d5fc9,SMP NEGERI 1 PALU
002e8f58-013c-e111-afee-e5f85c3f489f,SMP NEGERI 1 LORE SELATAN
b7146579-059c-4ea0-8069-b2159df463f2,SMKN 1 PAMONA UTARA
502acf58-013c-e111-a91b-ef5a26916552,SMP NEGERI 3 MORI ATAS SATAP
b0e52258-013c-e111-9a7a-b3c55fb70094,SD INPRES 1 TINGKULANG
0092f757-013c-e111-a6e3-75d1fbd580e8,SD NEGERI 1 KALANGKANGAN
a0bf8957-013c-e111-88d0-1ff3fc89bef2,SDN 2 RIO PAKAVA
0469435f-3dc5-41f9-a882-6aa172724d4a,MAS AL-KHAERAAT PEBATAE
20cdb558-013c-e111-bd12-9d5c1aa080e1,SMP NEGERI 1 PINEMBANI
007a7338-69e7-e111-90ac-c571b87d1b70,SMP NEGERI 2 BATUDAKA
e07cc858-013c-e111-9c11-bf37f22fa131,SMP NEGERI 2 BUKAL
9893dfb6-ba35-443c-9b30-c8c777e629f8,PPS Al Mishbah
206f3958-013c-e111-8a21-a7e1c637186c,SD NEGERI MANTANGISI
b0ebbd58-013c-e111-b329-5b7bb78715c7,SMP NEGERI SATU ATAP HION
e07b0558-013c-e111-b420-1de7cbd26822,SD NEGERI KUMPI
80e1f18e-e476-413c-9d40-b1dfadc7270d,SMA NEGERI 1 SINDUE TOBATA
a03f0058-013c-e111-8f27-2bde26fd6445,SD NEGERI LAKOMBULO
a018c277-eafe-e111-b246-b5f6910abfb4,SMP NEGERI 2 Rio Pakava
40bfb057-013c-e111-a1af-bf16035b187e,SD INPRES MASING
204b5f88-4cdf-e111-a91d-6fbfb80ad4ae,SMP NEGERI 3 DAMPAL UTARA
2072ddbd-effe-e111-af06-f9683d7b7196,SMP NEGERI 3 LAMPASIO
0e097fcd-9bfb-46c0-9fa0-84bc59e9d1cd,SMPN 6 PALELEH
605dbf58-013c-e111-abd4-7746149a5499,SMP NEGERI 1 PAGIMANA
bfd6b4f3-f1a5-43b2-8f4e-8c174b1c93da,MTSS ALKHAIRAAT TOMINI
c0461258-013c-e111-bbc2-bd8138b07728,SD NEGERI 2 TANASUMPU
e0bfb158-013c-e111-baf2-f3c542223ffe,SMP NEGERI 4 SIGI
e0438b57-013c-e111-874d-0104abe06d71,SDN 6 TANANTOVEA
e0d44057-013c-e111-827a-8fc140ffcfb4,SD INPRES MINANGA
6098e457-013c-e111-b438-49263ed64ef3,SD NEGERI 03 BUKAL
98b1234e-ec15-4126-804a-28b2e800e3fe,SMAN 9 LUWU UTARA
40e79457-013c-e111-bb5f-9747f3cd2280,SD NEGERI 2 PENDOLO
f0150ae3-2637-4121-94a0-264eec41a134,MADYAMA WIDYALAYA DWI JENDRA
20e9d357-013c-e111-a7fd-5327dd434ca9,SD INPRES PULO DALAGAN
80539a57-013c-e111-9680-1bf87af99659,SEKOLAH DASAR NEGERI WINOWANGA
e04a8357-013c-e111-b8ab-d399900853ff,SDN 10 DAMPELAS
e01acc58-013c-e111-aea6-e1bc32487e86,SMP NEGERI 2 TOLITOLI
9052ea57-013c-e111-8c76-1b840a7e83b8,SD NEGERI 2 BAJUGAN
10c05c5c-fbfe-e111-90a2-710e1a08fe54,SD NEGERI AMALALANG KASIMBAR SELATAN
60393758-013c-e111-83cc-fbb895ce8e1f,SD NEGERI BORNEANG
f0872358-013c-e111-ae42-851ca5fb3fc3,SD NEGERI 2 TILUNG
90f5d957-013c-e111-b279-a155fa8b3e22,SD NEGERI 11 MOMUNU
502a428e-99e2-e111-8660-cfea3952cd04,SMP NEGERI 4 LAMPASIO
fd6fa33c-323d-4545-b510-575e8f35b6b9,SMKS MUHAMMADIYAH 1 PALU
c0bec77e-30f5-e011-95a8-114d6fd0fab8,SMP NEGERI 1 LOA JANAN
b023e646-34ac-4360-a605-9c6bdf16882f,SMKN 3 AMPANA KOTA
00a1d458-013c-e111-a46d-d141a6290bc0,SD SMP SATU ATAP NEGERI 1 KASIMBAR
40f57757-013c-e111-9dbf-e94fddbd89cc,SDN 5 SINDUE TOMBUSABORA
d05cec57-013c-e111-865d-d5fe31e5980c,SD NEGERI PULIAS PANTAI
d05dc577-eafe-e111-9e39-99dc56a043fd,SMPN Satap 2 Balaesang Tanjung
4023f157-013c-e111-8432-b30af880c4a8,SD NEGERI 1 MALOMBA
20b06388-4cdf-e111-aee8-5be65604a691,SMP NEGERI 6 TOLITOLI UTARA
d03c3957-013c-e111-bbb6-1f8073302ec6,SD INPRES 1 SALAKAN
005e9057-013c-e111-9074-01167f53c954,SDN 8 PINEMBANI
109d9515-6200-e211-bd79-c3d4f92cdc7b,Data sekolah kosong (ID tidak aktif/invalid)
50ffe641-66cd-419e-b71c-ab20c46025e7,SMKN 1 TILOAN
7087c377-eafe-e111-818f-7577bf8d7390,SMPN Satap 3 Banawa Tengah
307a804b-eefe-e111-9b78-1d23157429cf,SMP NEGERI 1 POSO KOTA SELATAN
40dac158-013c-e111-bb10-0f4023d9d7e7,SMP NEGERI 3 BUALEMO
f06e994a-ebb7-e211-a092-ab4d05ba4054,SMPN SATAP 4 RIO PAKAVA
8099d67e-30f5-e011-9460-3f3a245156b0,SMP NEGERI 1 KONGBENG
204d0a58-013c-e111-9d72-cd6e6f1a80ed,SD NEGERI 1 BUNTA
579ff0f9-0f4c-4909-984b-223301ecf9bd,SMAN 1 BULAGI
22c52845-a3e9-481f-b5fc-fe8c1b9c3172,SMP ISLAM FATHUL HIKAM NAHDLATUL WATHAN
200dea57-013c-e111-ae40-c9bd0ec32fb6,SD NEGERI 3 DUNGINGIS
f0654a58-013c-e111-b5ec-718a56fb945e,SD NEGERI KAWATUNA
908e6457-013c-e111-be5c-65d23184bba0,SD NEGERI NOKE
dfabaf25-dce4-47af-99ee-79f6bcceb638,SD NEGERI 4 TERPENCIL MAGANGGAL BOBALO
90ae512b-5895-456c-a5c1-ef4a1498ea85,MTSS LUKSAGU
1345c257-aaae-4b6c-9fab-886488df1d06,SMKN 1 TOILI
8070cd58-013c-e111-977b-537337c4df47,SMP NEGERI 2 DAMPAL UTARA
e024f357-013c-e111-a90c-11402b04b74a,SD NEGERI BUTUN
d5a5b2bb-3cde-4e11-b1a9-9f27db1be29d,SD NEGERI LOUK
f1f72472-3a8a-43af-99e4-b7d8723ab98b,MTSS Alkhairaat Bomba
909fc558-013c-e111-bfa4-7f36e312232a,SMP NEGERI 2 MOMUNU
f0a2cb58-013c-e111-a830-f78b107a62fc,SMP NEGERI 1 DAKO PEMEAN
20c0c76d-090b-408c-8a20-ca4935199400,SMKN 2 PALU
aebc1484-136d-4a9d-9ab8-9d864278aa6a,SMAN 4 POSO
c03fd558-013c-e111-9028-9d9e228ea7da,SMP NEGERI 2 TINOMBO SELATAN
e0eead58-013c-e111-9983-03d90932981a,SMP NEGERI 1 PELING TENGAH
70a16c57-013c-e111-931a-f12ba81f7e18,SDN 13 BANAWA
38ba8d1d-d62a-4d76-844a-152af19dae47,SMKN 1 MEPANGA
0065da58-013c-e111-8b54-91e6ea30de89,SMP NEGERI 20 PALU
e0b6d658-013c-e111-86cd-29dc28b11e60,SMP NEGERI 2 AMPANA TETE
70105d57-013c-e111-b723-271942c5155b,SDN 1 RIO PAKAVA
60992658-013c-e111-889f-0daca8db0f2d,SD INPRES 1 LAMBUNU
c0e9f8e2-1443-4df1-b01a-53bcbc5c7442,SMAN 1 SINDUE TOMBUSABORA
10647257-013c-e111-a879-159ce86cb02f,SDN 6 LABUAN
80a91458-013c-e111-940a-bb35dd4af3e6,SD NEGERI KECIL TOKASA
7e6019fb-4e2a-4808-8fa4-d3078dc5e77a,SMAN 2 KASIMBAR
038ff341-0f81-48d0-98d1-e0cf8efb96ec,SMAN 1 PARIGI BARAT
e78e07f3-c990-4d9e-92ee-5bcd004e3dc4,MAS BAHRUL MUBARAK
94ce5cf5-fc97-4bd0-a70d-8189593c9cd8,SMAN 2 LUWUK
9089cb58-013c-e111-97e0-9bbe078c771d,SMP NEGERI 2 TOLI TOLI UTARA
30c52c58-013c-e111-86f2-89d8528be936,SD INPRES TANALANTO
a023c158-013c-e111-a361-0b66a4327dd2,SMP Negeri 3 Tinangkung
50143258-013c-e111-b22f-c3edad3ec2f4,SD NEGERI 1 KAYU AGUNG
8042e357-013c-e111-8fe8-fd6bda448ea0,SD NEGERI 4 TILOAN
f0c9625c-fbfe-e111-bb62-457dc15e445b,SMP NEGERI SATU ATAP 2 TINOMBO SELATAN
a087cf63-dd28-4d7b-ae47-96c25022a1ba,SMPN 4 Poso Pesisir Utara
a023d658-013c-e111-8c40-0f996b7f1490,SMP NEGERI 3 TOJO
a0d2fa57-013c-e111-9c69-9742ad0657ce,SD NEGERI 1 LINGADAN
5077b558-013c-e111-b0b9-bfe9dbb7be94,SMP NEGERI 2 Sindue Tobata
80a59457-013c-e111-a6d5-75cdc9e4faca,SD NEGERI 2 MAYOA
60984d58-013c-e111-b190-995170815b9b,SD NEGERI LASOANI
1a842500-4769-4ccb-a36d-bb789f8fd95b,SMAN 1 TINANGKUNG UTARA
c0508e57-013c-e111-b9ee-f72d825a2f07,SD NEGERI BULUBETE
fcf95144-d2fc-4106-94ad-dfdd9ce8457b,MTSS DDI KONGKOMOS
a0bef657-013c-e111-a4d7-556faa380398,SD NEGERI JANJA KOMPI
f0f08757-013c-e111-b503-a324e74bdc77,SDN 2 BANAWA SELATAN
60103d57-013c-e111-9d50-0dde9224bdeb,SDN 2 INPRES OKUMEL
00a244c0-0d26-e111-8873-4d6f8a061ac4,UPTD SMP NEGERI 2 SABBANGPARU
20760a58-013c-e111-9931-f3cc2b823400,SD NEGERI BUNGINTIMBE
c0b9da57-013c-e111-a72d-f5e4f0f335bb,SD NEGERI 20 BIAU
864acddb-117d-47cb-900c-7dfdeedb378a,MIS AL KHAIRAAT BIROBULI
d00ec377-eafe-e111-b426-fb706ce7268c,SMP NEGERI 6 SATAP BANAWA SELATAN
2036da57-013c-e111-8105-39f2e0331a38,SD NEGERI 14 MOMUNU
77972ca5-d9a4-4010-b221-37875120eb2b,MTSN TOJO UNAUNA
804fd457-013c-e111-b0a4-e50a305c8cc1,SD INPRES JAYA MAKMUR
0012d057-013c-e111-8dd9-5db95d32aa08,SD NEGERI 2 TANGEBAN
f80486d6-f0b0-45ca-ba67-72a48c46b054,SDN INPRES LABOTANKANDI
e777b4b5-72ed-4ac9-926e-5692a0739acc,SMA NEGERI 1 BANGKURUNG
30125557-013c-e111-bdde-99d7c446bb5c,SD NEGERI DODA
60f4d058-013c-e111-833a-9f2f27221d5f,SMP NEGERI 2 WITA PONDA
10d2cc58-013c-e111-80f4-8b6ecdae839c,SMP NEGERI 1 DONDO
c9574e84-0c0d-4fc0-af43-1543ae319731,MTSS ALKHAIRAAT SANDANA
e0eac258-013c-e111-b850-974cab39481b,SMP NEGERI 4 LUWUK TIMUR
30a7804b-eefe-e111-9dbb-c3285f1d3308,SMP NEGERI 4 LAGE
c0c25658-013c-e111-af5c-d3d8f70c144d,SD BALA KESELAMATAN DOMBU
b0cc2706-2df5-e011-894f-495439925171,SMP NEGERI 9 DEPOK
20e4e158-013c-e111-875a-89c7be29ffed,SMP MUHAMMADIYAH LAKEA
b0b591f1-e4f8-4140-bfa6-d2e743827409,SMA NEGERI 1 SIGI
cff091d4-599e-4dea-9a83-1e8299e03d26,SMA NEGERI 2 ULUBONGKA
60cf3c58-013c-e111-97db-e396c1cc1510,SD NEGERI 11 RATOLINDO
8099eb57-013c-e111-b83f-39cb5649af5f,SD NEGERI TARING
81647bd9-b41f-412a-8855-7b18ce1f3072,SDN 11 SINDUE TOBATA
b0d9d458-013c-e111-b66f-7d2d3e96cb05,SMP NEGERI 1 TINOMBO SELATAN
60019257-013c-e111-b6a3-53c814a1c614,SDN 5 SOJOL
2062ef57-013c-e111-ac1c-0d359ecbd97d,SD NEGERI 2 OGOTUA
50e23b58-013c-e111-8004-a78861d316f1,SD NEGERI 5 RATOLINDO
b84ac70b-1cf8-475a-a3cf-937a5f5b5073,MTSS WALI SONGO
60acca58-013c-e111-95e2-f9045dc98a3a,SMP NEGERI 4 DONDO
503a645c-fbfe-e111-9220-e920728e551e,SMP DDI SIENDENG
605a1158-013c-e111-8a3f-735ce003ee47,SD NEGERI 2 PUNTARI MAKMUR
00422658-013c-e111-9a33-2363ffe88582,SD NEGERI PEMBUNI
c0a76088-4cdf-e111-a9f9-956ad2d5a2ea,SMP NEGERI 3 BASIDONDO
00743b58-013c-e111-bde6-fbe9980f7350,SD NEGERI 2 RATOLINDO
e068b158-013c-e111-804a-5b283d810ce3,SMP NEGERI 25 SIGI
60af0dbf-f3fe-e111-af62-bf1ab07c6bbf,SMP NEGERI 2 BANGGAI SELATAN
10e33d58-013c-e111-b744-55e1ae5bf614,SD NEGERI SABULIRA
0a019f07-bf26-4c47-9595-479762176cfb,SMAN 2 BALAESANG
7004b758-013c-e111-88e4-6d8c2cd8a43f,SMP NEGERI 4 DAMPELAS
508a6158-013c-e111-a0b8-0f84cb643126,SD GKST KOLONODALE
408ec958-013c-e111-845f-6d59f208b5ab,SMP NEGERI 1 TOLITOLI UTARA
a02d7157-013c-e111-90fd-d7b69167458f,SDN 22 BANAWA SELATAN
e029d058-013c-e111-9367-c1491fc4db4e,SMP NEGERI 2 BUNGKU UTARA
1004592d-38f3-e111-9c63-017704f924a0,SMP SATAP NEGERI 22 SIGI
b0b974d0-6585-e111-b093-8980bf0ba78f,SD NEGERI 01 WONOSARI
207d6388-4cdf-e111-8515-47a0beaed799,SMP NEGERI 5 TOLITOLI UTARA
e0a08257-013c-e111-a1a3-254341098ba9,SDN 1 DAMPELAS
448ae2a2-52c4-41ae-ac24-e4ad6b018f4d,SD Islam Terpadu AL-MUHAJIRIN
f3861f3d-06ee-4c5c-9162-ff0767da04ae,SMKN 2 AMPANA KOTA
e06e5f58-013c-e111-b6f0-fbed9e4277db,SD GKLB 3 LUWUK
5bf05568-82d8-49df-b3cf-673237502f23,SMP NEGERI 4 TANANTOVEA
31537f39-e936-4cfc-9be0-291700ea56a3,SMPN 6 BUKAL SATAP POTANGOAN
e01cec57-013c-e111-9ba8-53bced67d714,SD NEGERI 18 TOLITOLI
80fa5157-013c-e111-96bf-db2c5f1da757,SDN INPRES LUKSAGU
402df057-013c-e111-84b1-eb4435deac16,SD NEGERI 2 BANAGAN
c0146b58-013c-e111-82cf-0703896ecc8f,SD KARYA THAYYIBAH SUMBOLI
20303b57-013c-e111-9a4c-03b1cb084e66,SD NEGERI GANSAL
930b9df3-f2c0-4ced-9f14-e1c81ff24ab3,MTSS DDI SALUMBIA
20576da2-c1cc-e111-802f-8f5b46a8448e,SD INPRES JONO OGE
c0d3f757-013c-e111-b6d0-f5139479d31e,SD NEGERI SANDANA
40e6d758-013c-e111-9b37-b56ab7ca73f3,SMP NEGERI 1 TALATAKO
e0f3c658-013c-e111-af12-670acd67be77,SMP NEGERI 1 BIAU 
80b73d58-013c-e111-a699-8b906aaa5250,SD NEGERI SUMOLI
60e9ce58-013c-e111-a351-753ac551eb7f,SMP NEGERI 1 LEMBO RAYA
622ee5c7-4973-4ad8-a346-f85b4ecda8bc,SMKN 6 PALU
6065615c-fbfe-e111-a8be-9dfc28a17ce5,SMP NEGERI SATU ATAP NEGERI 2 SAUSU
40380f5d-e7fe-e111-aed5-33dc84bdd73c,SMP NEGERI 6 BATUI
e7e9741c-d617-487a-b991-d06b73cf3166,SMAN 1 LAKEA
a0c03058-013c-e111-aa17-67a5365029b5,SD NEGERI MEPANGA
8228e4c3-81bd-4fae-aee4-6e1294108f43,SLB RAUDHATUL BAHARA
c58ad310-032d-4dce-9a99-410d692c52ae,SMKN 1 BUNGKU BARAT
004fda58-013c-e111-a213-1b8495b7a01b,SMP NEGERI 18 PALU
c09d7957-013c-e111-a0b8-23f1fdb20284,SDN 6 SINDUE TOBATA
9e608c63-781f-4f98-91a6-cbe7231426b3,SMKN 1 TORIBULU
9a10cf96-dc36-4090-9744-4065ce8162bb,SMAN 1 PETASIA
2003e0e0-0269-e211-a5fd-9546be1d3f83,SMP NEGERI SATU ATAP 2 TINOMBO
408f7378-a0d4-e111-8146-35d0e9cd0814,SD NEGERI 14 BUNGKU
80f29e57-013c-e111-ac55-074a27b64b64,SD NEGERI MALIWUKO
c09ea357-013c-e111-bb06-352f9bae8b3c,SD NEGERI I TANGKURA
40a7c758-013c-e111-9e3b-2daba9d70df8,SMP NEGERI 1 TILOAN
40a5ae57-013c-e111-abdf-4500be75c83c,SD INPRES BATUI KAYOA SPC
a0fa3b58-013c-e111-8bb0-d7b5e90a1251,SD NEGERI 6 RATOLINDO
00957f57-013c-e111-a811-8b363de12d73,SDN 14 BALAESANG
3033b558-013c-e111-9f8b-7db10e19e63d,SMP NEGERI 1 TANANTOVEA
70592658-013c-e111-af82-337a1798d7b0,SD INPRES 1 ONGKA
d07bccac-30f5-e011-a849-f9d24ef860d6,SMP PGRI 1 MANADO
50de1758-013c-e111-8f8c-43ac8091a66f,SD INPRES 1 TOBOLI
60f3b458-013c-e111-9546-73a9d0dc41dc,SMP NEGERI 1 SINDUE
b00e0f5d-e7fe-e111-86fd-7feb4591c11e,SMP NEGERI 4 BATUI
609bed57-013c-e111-a316-d7c7d570f776,SD NEGERI 3 TAMPIALA
d0b8c9d2-ebf0-e111-bfb7-d5d0b34f7bf5,SMP NEGERI 5 AMPANA TETE
2084ed57-013c-e111-a35e-8daf45cb29b5,SD NEGERI 2 TAMPIALA
5769f176-c233-4d55-b131-3b4959057028,MIS MUHAMMADIYAH BOLANO
c3fca489-00b6-48d7-9d6c-c5b1bd55140d,MIN BUOL
6084e457-013c-e111-a86d-af11658dc246,SD NEGERI 2 BUKAL
60d63758-013c-e111-9f72-1b337dca4e64,SD NEGERI LINTE
c0026357-013c-e111-940c-e72404a34519,SD INPRES PADENDE
7086b11a-65d2-e211-96cf-75bffc89ccc4,SMP NEGERI 6 BUNTA
00d22758-013c-e111-b7c7-799e90fb29e9,SD INPRES 2 ONGKA
e0a8c577-eafe-e111-9f08-5bc6c4b29196,SMPN Satap 5 Balaesang Tanjung
0aef7914-3337-4672-a377-d5149f3d0701,SMAN 2 TOTIKUM
c0f2eb57-013c-e111-8ad0-81d04057dad7,SD NEGERI 2 NALU
10891a58-013c-e111-b35d-b3b32eab51b1,SD INPRES SILANGA
4077966c-9ffe-e111-9f08-51ff376be5d0,SD NEGERI BANUA BARU
d02ab8c5-e7a7-4920-8c42-4cf4a29e7c59,SMK NEGERI 1 MOILONG
60962558-013c-e111-98fb-937e61b0d107,SD-SMP SATU ATAP NEGERI 1 TAOPA
829c95fa-3c81-4bc0-9318-9c1485260681,SMAS MUHAMMADIYAH TARAKAN
a0368357-013c-e111-8f48-b7cb4b96525a,SDN 17 DAMPELAS
00dc3158-013c-e111-9449-85b2524e5d05,SD INPRES 1 MENSUNG
70abd958-013c-e111-8831-371e3722cdc7,SMP NEGERI 14 PALU
00bccc58-013c-e111-9b23-d922b1f8a3f6,SMP NEGERI 2 BASIDONDO
00d9b658-013c-e111-b61f-db4b8fed8100,SMP NEGERI 2 DAMPELAS
c0a94458-013c-e111-9e4f-77b3a096e0f9,SD NEGERI NGGAWIA
0037d458-013c-e111-a034-ff1b7095aa3c,SMP NEGERI 1 BOLANO LAMBUNU
a06e6288-4cdf-e111-b6c3-db0159551189,SMP NEGERI 8 TOLITOLI
e718a4a2-1063-466b-bd5e-4a4fdfce33f7,SMK NEGERI 1 BANGGAI UTARA
b061d458-013c-e111-b520-b53ceda32f2e,SMP NEGERI 1 KASIMBAR
20fabe77-eafe-e111-ba4d-0bb9dab429d6,SDN 27 BANAWA SELATAN
a011834b-eefe-e111-9099-df2f04e54ca5,SMP NEGERI SATU ATAP SEDOA
a04f3757-013c-e111-a5cb-f51f305cdf8c,SD INPRES KANALI
60973857-013c-e111-a236-05d72348ee6c,SD NEGERI LOBUTON
90fb828d-cdda-e111-b4d6-db075fab72c3,SD NEGERI 5 AMPANA KOTA
7094b057-013c-e111-9574-d766a896b1f3,SD INPRES 04 BUNTA
b0610f5d-e7fe-e111-9cf8-ab027946af61,SMP NEGERI 5 SATAP TOILI
c0cf0bbf-f3fe-e111-8b46-2d3b91dc04f5,SD NEGERI BAKUM
a0464358-013c-e111-81d1-13795bd7ff9c,SD NEGERI TOBIL
008b2158-013c-e111-902c-05f99aa132eb,SD INPRES 1 ULATAN
20e1b058-013c-e111-8c60-c97293ac2cb9,SMP NEGERI 14 SIGI
a0a6cc58-013c-e111-be1b-9511d6080039,SMP NEGERI 2 DAMPAL SELATAN
2eeacb0d-3339-47a6-8745-da7e51220754,SMKN 3 PALU
30e41858-013c-e111-89fe-f957de87f5a0,SDK SAKINAH JAYA
50e7cc58-013c-e111-82f5-0314d00df5d0,SMP NEGERI 5 DONDO
0042f057-013c-e111-9751-4599f199b4d4,SD NEGERI LEMBA HARAPAN
806af057-013c-e111-a2a3-9d42786e6c01,SD NEGERI SIMATANG UTARA
20127957-013c-e111-ab56-bf46aaa8a36e,SDN 7 SINDUE TOBATA
9012f957-013c-e111-a48b-8fb7e2623b42,SD NEGERI 4 BINONTOAN
605aff57-013c-e111-94ba-79bc0bf4d464,SD NEGERI BAKALA
c015b858-013c-e111-8da8-c7a27e520e0a,SMPN SATAP 3 TANANTOVEA
e0ddc058-013c-e111-bf07-81565c5a558e,SMP NEGERI 2 LIANG
90d0b641-4241-4572-b6c8-d0ab7a62e3ff,SD ADVENT WAWUJAI
d0013858-013c-e111-8e26-b58fcfdd4a3c,SD NEGERI TOBAMAWU
c0eeb658-013c-e111-80a4-2b5a99d956eb,SMP NEGERI 3 DAMPELAS
307bcc58-013c-e111-af4d-455f7c56b135,SMP NEGERI 2 DONDO
306ecf58-013c-e111-a77c-81a412d46eb5,SMP NEGERI 1 PETASIA
e03ace58-013c-e111-ae8c-21a5a54db3ba,SMP NEGERI 1 BUNGKU TIMUR
b0323058-013c-e111-9533-2ff01af1e715,SD INPRES 4 TADA
926d6082-926f-4cd5-bfcb-d3ae33a0f6de,SMKN 1 BANAWA
80948a57-013c-e111-af6f-3188e670d8d1,SDN 5 RIO PAKAVA
e0f26957-013c-e111-b2a3-612611af31f7,SD INPRES WATUNONJU
d49450f9-b377-4f0a-8c15-593a574f6f94,SD BAULALONGO
8065ce58-013c-e111-8b72-0568af41245b,SMP NEGERI 2 BUNGKU TIMUR
00a4b8ca-30f5-e011-8aae-475cbd34dffd,SMP NEGERI 1 WIWIRANO
802ce357-013c-e111-856b-3d4ec338bea6,SD NEGERI 3 TILOAN
ea748da8-662e-42e4-b48e-57591a9bf0c7,SMK-SPP MUHAMMADIYAH SINEY
204f10bf-f3fe-e111-969b-9dd83b1683e9,SMP NEGERI SATU ATAP PALAM
20595d57-013c-e111-8a4a-37c040dabbf2,SD INPRES KALEKE
20ab7e57-013c-e111-a6ba-1d4dc108d994,SDN 11 BALAESANG
c4f042c6-245f-4842-b4a2-549a1a6bf2c6,SMAN 2 PAMONA SELATAN
30051b58-013c-e111-8dc6-6db79be87df2,SD NEGERI PARANGGI
9073c457-013c-e111-87ae-536b58d2e24c,SD NEGERI TALIMA
007a1958-013c-e111-a8c1-03c5401e15ea,SD INPRES TOMOLI SELATAN
40d93b57-013c-e111-a516-93206672cc6a,SD NEGERI SASAMPEAN
d071b653-c628-e211-92d4-63fc3354384a,SMPN 5 Paleleh
e03db757-013c-e111-bc69-835a340a0650,SD INPRES BUON
b058d858-013c-e111-9480-3f7c1e60ee7a,SMP NEGERI 3 PALU
a0d9df58-013c-e111-a7ca-e5898ab8a5a7,SMP DARUL KHAIR MASING
b09d2458-013c-e111-a8be-bd08fd69cefe,SD INPRES MOUTONG TIMUR
305cfb57-013c-e111-bae4-b58a0d42d13e,SD NEGERI PANYAPU
e0886357-013c-e111-aed1-79b32d2ff741,SDN 1 PINEMBANI
10569557-013c-e111-b45e-f34181b1b9e0,SD NEGERI 8 MAYOA
e05e0458-013c-e111-9f9f-375073483e0d,SD NEGERI 2 BETELEME
3e28f3c4-f8f9-4dc5-baf9-3c11040dfd25,SMAN 1 DAMPELAS
80926358-013c-e111-aa10-f9ad3d7fc63d,SD ALKHAIRAAT DONGGULU
6024e658-013c-e111-8e14-31f336b67cb8,SMP SWADAYA PALU
26b3d71b-ccba-49f8-905c-d91f10f16190,SMP TAHFIDZUL QURAN ASSUNNAH
e0716ea2-c1cc-e111-8820-a781c57b2d22,SD ADVENT SOI
501b5b5c-fbfe-e111-9714-2b8ea5827985,SD NEGERI TRANS OLAYA
3096c057-013c-e111-a43a-5f43614e968d,SD NEGERI 5 TOILI
c12d6e09-4c76-492a-95c1-ff7bb4f04d78,SD NEGERI PADAFUYU
007f8b57-013c-e111-b28b-6b8a29bce687,SDN 8 TANANTOVEA
8040d058-013c-e111-93a4-8d62fbf72428,SMP NEGERI 1 SOYO JAYA
c0fca457-013c-e111-994e-b77c4999456e,SD NEGERI KALORA
e0975e57-013c-e111-b158-c10c09ef1551,SD INPRES BALUMPEWA
c9b7fc6d-f17e-4fb7-8987-7904d259f778,SMP SATAP NEGERI 1 SIGI
30c9b458-013c-e111-a951-65e8a99ae5f8,SMP NEGERI 5 BANAWA
a094ce58-013c-e111-a70e-357de494b051,SMP NEGERI 3 BUNGKU
828e9c25-6fad-4694-8740-1e7da03b943a,SMKS PERTANIAN MUHAMMADIYAH BUALEMO
8066f857-013c-e111-a86f-298ef37ef89d,SD NEGERI 2 TINIGI
008be057-013c-e111-977b-059305137ad6,SD NEGERI 4 PALELEH BARAT
c0819d57-013c-e111-8a19-8da72d145ce0,SD NEGERI RATALEMBA
5025ad58-013c-e111-b267-95f81c24c4cc,SMP NEGERI 3 TOTIKUM
4045dc58-013c-e111-81c2-01f1a7e16fa2,SMP ALKHAIRAT BANGGAI
70fa2558-013c-e111-90a1-9f2278717293,SD INPRES NUNURANTAI
e0c38bca-30f5-e011-b491-9bb0dc661b87,SMP NEGERI 2 UNAAHA
a0b91258-013c-e111-a83c-e1d6c5297c9b,SD NEGERI WINANGABINO
0050ae57-013c-e111-ba69-f3b37404f5ab,SD INPRES BATUI KAYOA SPB
3020a157-013c-e111-a7f2-df913125d32b,SD NEGERI 27 POSO
80170dbf-f3fe-e111-bb28-e78d9c5da6b0,SMP NEGERI 3 BANGGAI
a0474c58-013c-e111-82a8-71c3ea1694f8,SD INPRES 1 KAWATUNA
e0980258-013c-e111-bdf8-55870c571f11,SD NEGERI 10 BUNGKU
d04dd757-013c-e111-a9b5-b75745e1af39,SD NEGERI 6 KARAMAT
204f8157-013c-e111-bf6f-a93b5d32d355,SDN 6 BALAESANG TANJUNG
921ed8f3-ac6b-49ed-a7c1-b119efd841e7,MIS ALKHAIRAAT TOMPO
f8519638-2177-4231-b510-5ab0fea7a3f4,SMKN 1 PALU
e00dc358-013c-e111-982f-f3396cdae663,SMP NEGERI 1 TOILI BARAT
b0125cd1-61da-e111-9d7a-65ee2a93f836,SMP Berbasis Pesantren Lambelu
242dcc5c-7976-4b5c-8537-9d11be7c8f24,SMP SATAP NEGERI 14 SIGI
c0a2c658-013c-e111-b352-b1e28eabe9e7,SMP NEGERI 2 PALELEH
12f7776e-342f-4c1a-bf63-d997b3ef6605,SD KECIL TERPENCIL SALUJENGI SUPILOPONG
f0facd58-013c-e111-9f62-f533fc11f06d,SMP NEGERI 1 BUNGKU PESISIR
2031c658-013c-e111-9c75-43d09b0b4389,SMP NEGERI 1 BUNOBOGU
10951d58-013c-e111-b57c-91a1c4b3f674,SD INPRES SIPAYO
0017ae58-013c-e111-9f94-5dbf427cc2bc,SMP NEGERI 1 BULAGI
803b2b58-013c-e111-9130-75bc094144af,SD NEGERI 2 LAEMANTA
00a2d657-013c-e111-92b0-7d0a0ad6861c,SD INPRES APAL
0027e057-013c-e111-82aa-a71cf0b339a3,SD NEGERI 15 paleleh
35be6d2c-e23d-4510-ab66-93e04d7cf4d0,SMAS CHAIRUL AMIN
f01cdd58-013c-e111-8a81-6f5cd1ac3bed,SMP DDI WATUBOSE
5553a2db-fca7-467d-bcc9-77e8f6326177,MAS ALKHAIRAAT KALANGKANGAN
200ec158-013c-e111-b0b7-a13c9469ea16,SMP NEGERI 2 BALANTAK
10dcdb57-013c-e111-a7aa-c11321a2792c,SD NEGERI 8 BOKAT
406f2658-013c-e111-9da0-f1ad62f51532,SD NEGERI 1 ONGKA
70c34d58-013c-e111-8d01-d5bb328087d0,SD NEGERI TONDO
108bd758-013c-e111-82dd-4bfadd8e50f7,SMP NEGERI 1 BATUDAKA
ccf5807c-e6d2-4d9f-a821-556a3e4f5bf7,SMPN 3 BAHODOPI SATU ATAP
a08cc658-013c-e111-88f9-2550f4ec320c,SMP NEGERI 1 PALELEH
80e9c758-013c-e111-8f2b-75728395fd38,SMP NEGERI 1 GALANG
10533457-013c-e111-afb0-f35b602bd982,SD NEGERI LAMBAKO
b047814b-eefe-e111-82a9-a317d82c2c85,SMP NEGERI 5 PAMONA UTARA
e0296458-013c-e111-9d67-b355925e69a7,SD NEGERI TAKIBANGKE
403a3e58-013c-e111-90c7-79e7941379ee,SD NEGERI 2 WAKAI
5ef3fab6-dd69-4311-b995-824d5b75562a,SMP SATU ATAP NEGERI 25 SIGI
e0ee6258-013c-e111-a086-0b232c773012,SD MUHAMMADIYAH PARIGI
509e6158-013c-e111-8169-0b0162393427,SD ALKHAIRAAT KOLONODALE
801af657-013c-e111-a05c-e1d0c6a049cd,SD NEGERI BATUNOBOTAK
108ad358-013c-e111-a326-97f29af9fe95,SMP NEGERI 2 PALASA
40b8c358-013c-e111-93a6-59596ecadde1,SMP NEGERI 2 MASAMA
d0c5ce57-013c-e111-84d8-15d17a791416,SD INPRES GUNUNG KERAMAT
6c5ad3fa-67e1-4335-a77e-93b73c371597,SMAN 9 LUWU
90ad5957-013c-e111-9b45-0b78405843ef,SD INPRES WATUBOSE
a0613f58-013c-e111-8d6c-2fb672ee873d,SD NEGERI KATAMBUA
00a5be58-013c-e111-a3c5-6fa34e19df0c,SMP NEGERI 1 LUWUK
70cc3a58-013c-e111-9b06-19745d975587,SD NEGERI MPOA
772dc93f-6598-4206-a8d8-96fa17897089,SMPN 2 TOMINI
e0fe5558-013c-e111-a1c0-f56914cbe28c,SD BALA KESELAMATAN KAMARORA
0012b057-013c-e111-a90c-4fe024d9a8c9,SD NEGERI 2 BUNTA
10be7a4a-69e7-e111-8d48-858655d49273,SMP NEGERI 3 UNA-UNA
8f4c02d3-53fc-4e7e-a211-d48fa6a23800,SDN 24 Rio Pakava
b0d4d858-013c-e111-8c78-73b68f119955,SMP NEGERI 2 PALU
a016d858-013c-e111-ab9e-2f00d9ba34aa,SMP NEGERI 1 TOGEAN
c05ed358-013c-e111-a6a2-f116af039a62,SMP NEGERI 1 TOMINI
6be69aae-3893-4283-a0bd-329f25cbcac5,SMAS ALKH TONGKO
e08bd458-013c-e111-aa2c-b1d89d0b6d81,SMP NEGERI 3 KASIMBAR
506ffa57-013c-e111-8c0c-d3eab53d94f0,SD NEGERI 1 SANTIGI
808a8257-013c-e111-a452-0b29ab4a5de4,SDN 3 DAMPELAS
80507657-013c-e111-8db3-135016d5dfa8,SDN 13 LABUAN
49ff8171-c86f-47b3-bc79-1cc278a9ee39,MA MADINATUL ILMI DDI SIAPO
8e6cfdc7-a52b-42c6-9f27-47c9c3905f05,MTSS ALKHAIRAAT UEMALINGKU
20e2be58-013c-e111-a3cf-f9daa0691dcb,SMP NEGERI 3 LUWUK
90a80c58-013c-e111-9462-8f04297c51b7,SD NEGERI UERURU
90600058-013c-e111-83c1-f50f9489bb42,SD NEGERI PANIMBAWANG
70386658-013c-e111-957e-c391727315ac,SD INTEGRAL HIDAYATULLAH TONDO
975bc8c7-bdb4-449f-bc1a-7d7aaa5a9c5d,SMAN 1 SOJOL
0001f057-013c-e111-b030-29dcc973dcd4,SD NEGERI SESE
40036c58-013c-e111-b064-45222a7d3150,SD ISLAM NURUL IHSAN TOLITOLI
a0651d58-013c-e111-a62b-99479359d213,SD INPRES 1 TINOMBO
40010f24-69e7-e111-af25-47ee072ec661,SMP NEGERI 2 UNA UNA
50bc5bd1-61da-e111-91a9-eda9455aaba5,SMPN 4 Menui Satu Atap
30b9c458-013c-e111-8c03-6d83b33da67b,SMP NEGERI 1 LAKEA
8ed108f0-dc87-435f-9cd7-b7f15865ee42,SMAN 6 PALU
60812dfa-f0fe-e111-99be-e9637419a59e,SMPN 5 Bunobogu SATAP INALATAN
a0018457-013c-e111-8f5a-87741335ec3d,SDN 24 DAMPELAS
80749857-013c-e111-a63a-ffaeab1f079a,SD NEGERI LENA
a0a13958-013c-e111-839a-1b1e82f69f81,SD NEGERI UETOLI
bdba941c-7d90-4cdd-823f-2307560068f5,SMKN BASIDONDO
f0489057-013c-e111-90ff-450b7614fbed,SDN 4 PINEMBANI
50a97f57-013c-e111-a332-27ccfba79a55,SDN 20 BALAESANG
9034bd58-013c-e111-b3cd-ed5f847687b4,SMP NEGERI 3 TOILI
e0c3b657-013c-e111-87b6-e77410613e1a,SD INPRES LUMPOKNYO
b0392958-013c-e111-937e-079ef4ad3a8b,SD INPRES BERINGIN JAYA
40054158-013c-e111-b365-0fc218397b01,SD NEGERI TONGIDON
48af2473-d27d-46ad-b391-d0e18bd8337b,SMAN 2 BUNTA
c0aff957-013c-e111-a10f-a3c66828cdfb,SD NEGERI 1 LAULALANG
26c83b64-1944-4268-ab91-2a7c4668eb8e,SMAN 1 RIO PAKAVA
40798757-013c-e111-94ad-d51dab21e70b,SDN 13 SOJOL
fa8d27c9-233f-4a93-85ee-752f86504bdd,SMKN 1 TOJO BARAT
a0e9bb58-013c-e111-8742-5b0c8cba2bdd,SMP NEGERI 2 POSO PESISIR UTARA
70416c58-013c-e111-99a0-8f1a7913c8e5,SDN 11 SOJOL
2bb11784-a351-42c2-b9df-effd78e2a385,SMP Negeri 4 Wita Ponda
887a7e78-a28b-4d0d-bd68-2f979c35d86e,SMKN 4 PALU
a043b657-013c-e111-8b7f-d1811855f2c8,SD NEGERI SALODIK
00b9be58-013c-e111-a631-83cfa29d888b,SMP NEGERI 2 LUWUK
a0b23b58-013c-e111-bd30-0733771e43e0,SD NEGERI 4 AMPANA KOTA
67901f7b-c3a2-4bd3-9da4-e9b1efebeb55,SMA NEGERI 2 SIGI
2049b858-013c-e111-896d-47c544e07aa3,SMP NEGERI 2 TANANTOVEA
3bff2d95-80ce-49ad-9981-2d2f3a68bf3d,SMAS GKST 1 TENTENA
007d2558-013c-e111-99af-9ffb94536614,SD NEGERI 4 TULADENGGI
e0f10e58-013c-e111-9159-d5c6a42d4ae3,SD NEGERI DAMPALA
df0c4103-34e5-47ea-8f7f-2806ceabec8c,MTSS ALKHAIRAAT DONGGULU
c0346188-4cdf-e111-b354-7d3e01ac8332,SMP NEGERI 6 OGODEIDE
00d06188-4cdf-e111-8835-a91d428e73fb,SMP NEGERI 9 OGODEIDE
af09d769-be02-4e90-9c8a-d63f67fdb209,SMAN 8 PALU
409d2058-013c-e111-a181-af800a51b5bb,SD NEGERI AMBESIA
10b3ba57-013c-e111-a80a-a1e26f3a384b,SD INPRES 2 JAYA BAKTI
72d7fa91-ed7a-4987-ac02-0dc88a055566,PPS Nurul Muttahidah
001f5f57-013c-e111-83ce-a17a87ff66ec,SD INPRES WATUBULA
90b24b99-a4d4-41d6-a5c5-5b39dfbe9dad,SMAN 1 TINOMBO
20b57057-013c-e111-8a6a-a30f6fca05a3,SDN 23 BANAWA
b0fb2b58-013c-e111-b2f8-494560c4657f,SD INPRES 1 KASIMBAR
60775f88-4cdf-e111-9b50-5b3c757fca2a,SMP NEGERI 4 DAMPAL UTARA
6bb1cdbc-77d9-43a7-8dd3-15ed10cca1e6,SMP NEGERI 4 BUNGKU UTARA SATU ATAP
4dbfaab0-aebe-4096-ad82-e6824e221a6d,SMK NEGERI 1 POPAYATO TIMUR
60a31c58-013c-e111-b10a-63e9d2d94de7,SD NEGERI DONGKAS
40321458-013c-e111-9f2e-93d704580ea3,SD INPRES 3 SAUSU
b007d958-013c-e111-ba0d-b137f0c0f580,SMP NEGERI 6 PALU
0015cf58-013c-e111-8ed8-11e87fc11cdf,SMP NEGERI 1 MORI ATAS
d6d15e4a-df3e-4034-a02b-5a9918a380a2,MIS ALKHAIRAAT KALAKA
b0b3e058-013c-e111-95f3-d5bd7187a5ed,SMP COKROAMINOTO LUWUK
b01eda58-013c-e111-b8f2-dff7cbe300ed,SMP NEGERI 16 PALU
b784e365-722d-4464-b416-0e644f1551f9,SMP NEGERI 5 NUHON
408ab458-013c-e111-8898-f50911245931,SMP NEGERI 1 BANAWA
6083c577-eafe-e111-b1f0-214a4de82ac4,SMPN  Satap 4 Balaesang Tanjung
10be8757-013c-e111-86cf-2fb6f92394c1,SD INPRES ONU
c3f2b94e-adc2-49db-a06b-2ca51bc29d0c,SMKN 2 BUNGKU BARAT
70c9c677-eafe-e111-aa33-dfec19e8d883,SMPN Satap 7 Sojol
900512bf-f3fe-e111-b202-fd76f010e03e,SMP NEGERI SATU ATAP BAKALINGA
80f8f057-013c-e111-8e30-856f2b1770a2,SD NEGERI 2 TINABOGAN
a0b44958-013c-e111-b47c-81483c581b68,SD NEGERI 27 PALU
c09ac158-013c-e111-a5a5-a37ec917d66f,SMP NEGERI 1 BUALEMO
2b1dcf07-354e-43e8-a02a-03049309e452,SMKN 3 ENREKANG
a3cc5017-1f6c-4c57-8eac-ae8dd10a38a0,MTSS AL IKHLAS SAYO
807ef057-013c-e111-9de6-915ec05ee48e,SD NEGERI PULAU LINGAYAN
d0251958-013c-e111-8c4d-8dcbeca94799,SD INPRES 2 SIDOLE
31078ff7-9173-4879-a64c-a40f933d7ae4,SMP NEGERI 1 LORE BARAT
f45d1ef4-2d99-42be-bd06-aef90f610232,MAN 2 POSO
80f20358-013c-e111-9898-cffa5527ad63,SD NEGERI MARGA MULYA
c0020358-013c-e111-8fc4-0954fc7af6b9,SD NEGERI 2 ONEPUTE JAYA
1031cc58-013c-e111-a103-a30caaa4a856,SMP NEGERI 1 LAMPASIO
90b17d57-013c-e111-aec5-0535397e1cb6,SDN 3 BALAESANG
2008b658-013c-e111-8e29-7b81768ee906,SMP NEGERI 2 SIRENJA
90695b5c-fbfe-e111-b2a1-ffa04997b8e6,SDK TOBOLI BARAT
00e8ee57-013c-e111-bd56-03b900a4338e,SD NEGERI 1 BAMBAPULA
082df114-ec58-4014-bdc7-475e5bb26cc2,SMA NEGERI 2 SIRENJA
76254326-7c6b-4c57-8b7f-58709ba5c390,SMAN 1 BUKAL
d4da3cca-1ad2-4118-b102-4bbe649750a1,SMAN 1 PARIGI
b094d357-013c-e111-b181-db9161f39723,SD INPRES MANDOK
90081158-013c-e111-b646-7566c2515528,SD NEGERI MOAHINO
e089ca58-013c-e111-af13-9f68916dae14,SMP NEGERI 1 BASIDONDO
00191b58-013c-e111-9bce-676fe76e081f,SD KECIL ALOO SIDOLE
a00df857-013c-e111-bd7a-1df6adb5d099,SD NEGERI 2 LAKATAN
b0d7bd58-013c-e111-b6c6-4d4a4e1dd308,SMP NEGERI 1 BUNTA
00b40a58-013c-e111-add3-3573639cf6df,SD NEGERI GILILANA
e0ee3c58-013c-e111-86d3-2ff3c17db84a,SD NEGERI 9 AMPANA KOTA
80fe814b-eefe-e111-906e-d533cdc093e3,SMP NEGERI SATU ATAP MAYOA
e01bb658-013c-e111-a129-7bc18ea6fb8b,SMP NEGERI 3 SIRENJA
10ab5ad1-61da-e111-8690-6972d9322125,SMP NEGERI 2 Bungku Barat 
90357c57-013c-e111-8542-239f66b3d49d,SDN 19 BALAESANG
20eba157-013c-e111-9144-a7a14e013649,SD NEGERI BALEURA
6a6f378f-48a1-4c2e-b653-9bd85bddadb8,SMKN 1 DAKO PEMEAN
0ffd5ab8-e613-4b1d-a744-6ffff02d4beb,MTSS ALKHAIRAAT PELAWA
a0faf157-013c-e111-8b28-9b446455fcc6,SD NEGERI 2 BAMBAPUN
c0c8d157-013c-e111-99b0-1f1b4e7464a9,SD NEGERI PETAK
6007f757-013c-e111-b290-3f257a8323d8,SD NEGERI 4 BAJUGAN
50c9615c-fbfe-e111-81d9-0119510b7210,SMP NEGERI SATU ATAP NEGERI 2 PARIGI SELATAN
c089ad58-013c-e111-b9e6-ef1dc27e9741,SMP NEGERI 1 TINANGKUNG
008e635c-fbfe-e111-bb98-23977cfba6a6,SMP NEGERI SATU ATAP NEGERI 1 MOUTONG
a7c68d6f-01da-4308-9083-6729ad22ec3e,SMAN 3 LUWUK
4089fa57-013c-e111-9d88-7d36b2235ae4,SD NEGERI 2 SANTIGI
31bdb17a-2d13-4f6e-ad76-8d054dffc0eb,SMKN 1 BUNGKU TIMUR
8091dc57-013c-e111-baea-4706d47b2264,SD NEGERI 17 BOKAT
50db3357-013c-e111-bdab-9b779e5e836c,SD INPRES ADEAN
e2174893-4601-43c7-bcdd-635d0081d8e3,MIS NURUL ILMI
f09d7757-013c-e111-90fd-9b6c94179938,SDN 10 SINDUE
c09f8eca-30f5-e011-9fd0-83330b85964d,SMP NEGERI 23 KONAWE SELATAN
100f3b58-013c-e111-9c66-131282a21b5f,SD NEGERI 2 AMPANA KOTA
404c9c57-013c-e111-be69-bb85992372ac,SD NEGERI 1 TOKORONDO
0064ca58-013c-e111-b4e0-fdbccd78c6dd,SMP NEGERI 3 DONDO
60ce8858-013c-e111-995a-e3b1d85e2e20,SMP TUNAS BANGSA LUMBI-LUMBIA
7e2c3ed6-25e2-4843-8a7e-aff7167748b3,SD Negeri Tadaku
2b0bbebe-e5a5-461b-88cb-178e2b23e672,SMKN 1 AMPANA TETE
b0612558-013c-e111-8fa7-297507bfe247,SD INPRES TAOPA
30252358-013c-e111-8406-a9b4ce199e3b,SD INPRES 3 ULATAN
005d4c58-013c-e111-9b5c-5b846ed51c95,SD INPRES 2 KAWATUNA
e00e2a58-013c-e111-8a93-532851416182,SD K KARYA MANDIRI Wilayah Khusus
004dbd57-013c-e111-bd69-3d8e5db54f6a,SD NEGERI GARUGA
4ab83e91-59f0-4ea9-be34-57dd817f1254,SMP SATU ATAP NEGERI 3 ONGKA
005be957-013c-e111-8fd7-9d87bfd19ce4,SD NEGERI 21 TOLITOLI
33ac4b57-d0bb-4f62-b586-f70780707769,MTSS ALKHAIRAT TOMPE
e055a36f-a4df-e211-af00-fd6e06a9c360,SMP NEGERI 3 TINOMBO
7068ea57-013c-e111-b59c-bdac06af2eb2,SD NEGERI 3 BAJUGAN
708b2258-013c-e111-bc28-3d7df279468e,SD NEGERI 2 TERPENCIL BOBALO
90dffe57-013c-e111-8323-31f18078c90b,SD NEGERI SAINOA
50ba7c57-013c-e111-9557-bd693b1b4949,SDN 26 BALAESANG
4031d857-013c-e111-817d-5bd191e9b266,SD NEGERI 6 LAKEA 
20605258-013c-e111-a094-236134ddfb09,SDN 27 BALAESANG
c06c8dce-9fd4-e111-8ca9-011731590ee1,SMP NEGERI 4 BUNGKU SELATAN SATU ATAP
30178c57-013c-e111-9579-6f975f541e93,SDN 5 TANANTOVEA
e0538457-013c-e111-af73-1780ab0f855d,SDN 22 DAMPELAS
a5be7bba-e13b-4e77-a361-da9e8629bab4,SDK TERPENCIL SIABANANG
e0174d31-ecf0-e111-a047-f77f766ed04b,SD NEGERI NGALUT
202c3757-013c-e111-b713-61b31bf2583c,SD NEGERI TONUSON
80df7757-013c-e111-90b8-e350008be536,SDN 2 SINDUE TOMBUSABORA
fe6b5c72-01ea-465c-8e3d-d808a03a9f45,SMP SATU ATAP NEGERI 18 SIGI
50ca4958-013c-e111-ba10-a9ac1cb9f849,SD NEGERI TATANGA
af1cae54-404a-446f-be1c-15ba63aaa8c0,SMK NEGERI 1 MORI UTARA
c0806258-013c-e111-8236-95de1cef321c,SD MUHAMMADIYAH PELAWA
d0283458-013c-e111-b85a-81459d578b68,SD INPRES 1 TORIBULU
60535b58-013c-e111-b72f-7703e97375b5,SD BALA KESELAMATAN PALINTUMA
50fb3657-013c-e111-b8f7-95f8bc9979a9,SD NEGERI SALANGANO
e07db258-013c-e111-8e6d-81eae99e3e76,SMP NEGERI 5 SIGI
60327a57-013c-e111-9605-dd208ded4f84,SDN 3 SIRENJA
702f1e58-013c-e111-972b-57c246d38bee,SD INPRES DONGKAS
e06c5658-013c-e111-8d80-07bc9b75b780,SD ALKHAIRAAT KOTAPULU
c0961158-013c-e111-a015-f79ffaa6b234,SD NEGERI BUMI HARAPAN
e88e90bd-b4a6-4deb-a71a-99ace77adcce,SLB NEGERI KTM MOROWALI
80c75858-013c-e111-9677-8568999e7121,SDN 21 BANAWA SELATAN
40fe7f57-013c-e111-b34c-eb1e5b354f64,SDN 23 BALAESANG
7090e458-013c-e111-9dda-1fcecd879e7c,SMP SWASTYASTU TOLAI
c6cd7dc7-f295-4f26-97b4-9554bdc214d8,MTSS ALKHAIRAAT PARIGI
1afb4768-215c-41fc-9099-22ce2d6d2072,SMAN ONGKA MALINO
48e8547f-876d-4ce2-80e3-d4e1d41a3499,SMAN 1 KASIMBAR
b0e09257-013c-e111-9c34-e1197d508fd1,SDN 10 LABUAN
50c04458-013c-e111-8aa5-431023e0f949,SD NEGERI TANAMBI
e0503858-013c-e111-83be-5d91e8dc5256,SD NEGERI UEBONE HULU
734af616-5342-478a-8e02-3f6c114e8d70,SMK NEGERI 1 PETASIA TIMUR
907d990e-18d6-e111-90fa-5f254149bd83,SD NEGERI 2 KABALUTAN
c057f257-013c-e111-b23a-57d540f75f2c,SD NEGERI 3 SALUMBIA
c08ece89-88f1-e111-ae11-29f6eafca87b,SMP NEGERI 2 PETASIA BARAT SATU ATAP
40aaea57-013c-e111-9aae-67f46270288b,SD NEGERI 2 KALANGKANGAN
709e3c58-013c-e111-a953-270cf425d949,SD NEGERI 8 AMPANA KOTA
102a9d57-013c-e111-b8e6-cde1aa23af0a,SD NEGERI 6 KASIGUNCU
a7f516ad-dff7-4441-ab3e-6737edc1c9ab,MTSS DDI SINGGA
f6e8bc0c-be88-4c95-9dc7-205bc57a9bbd,SD KECIL BANGKALAN
a05dd857-013c-e111-9d8f-35a53a874133,SD NEGERI 7 LAKEA 
80cd7057-013c-e111-99d1-cf3e65dc0285,SDN 24 BANAWA
a03cea57-013c-e111-821f-695d3afa6d05,SD NEGERI 1 BAJUGAN
6064d558-013c-e111-835a-3ba4077bd59b,SMP NEGERI 1 TORUE
5a9f74a1-444a-4eca-bf97-6e8d1bad35d3,SMPN SATAP 10 SOJOL
889b1e4f-4842-480d-8350-d7eb592e4f43,SMP NURUL AMANAH
400c7857-013c-e111-8afd-4bb8cf0cd6e9,SDN 1 SINDUE TOMBUSABORA
8014d258-013c-e111-9653-856972e71aa8,SMP NEGERI 1 PARIGI TENGAH
b0713c58-013c-e111-b209-1f2133838680,SD NEGERI 9 RATOLINDO
f3d60965-8c06-4399-a7c0-b0a4b4a417e2,SMPN 4 SATAP SINDUE TOMBUSABORA
201c3c58-013c-e111-bb1b-8781fbdbcf91,SD NEGERI 7 RATOLINDO
02fd3f46-de0c-475d-837a-f0f951dccf29,MTSS IBNU KHALDUN TOILI
c011c077-eafe-e111-996a-a9632891e2d3,SDN 10 SIRENJA
e098b858-013c-e111-873e-efbc57ad464a,SMP NEGERI 6 SIGI
0070a28d-a0d4-e111-a7be-e30946303ddd,SD NEGERI LAMBOLO
d0b4e957-013c-e111-8e3a-cdea0341cc13,SD NEGERI 4 NALU
b0ffbd58-013c-e111-89f6-8bd66e77a6e6,SMP NEGERI 2 BUNTA
d0757957-013c-e111-a8b3-53a1dde31cc1,SDN 8 SINDUE TOBATA
c0584058-013c-e111-b4d1-f7eea63053b8,SD NEGERI KALIA
8a5cf12a-f880-494a-87dd-98783146de02,SMKN 1 LABUAN
c0288957-013c-e111-9ce3-e354fc155bae,SDN 14 BANAWA SELATAN
fefc785a-a8d5-4d7b-b3e8-7efeb4df7d33,MTSS AL-AMIN LABONU
208bde58-013c-e111-925b-e3d6c5c7339c,SMP GKST 2 TENTENA
8053b258-013c-e111-aca7-f1d33891ad0d,SMP NEGERI 21 SIGI
40310458-013c-e111-bb6a-f36d8d8708af,SD NEGERI TONDO
806dee57-013c-e111-a4f6-0f4f699ddd6c,SD NEGERI 2 SONI
e0fdc558-013c-e111-a3df-b34b95d1dadc,SMP NEGERI 2 BOKAT
e0974b58-013c-e111-8e29-639deb45f183,SDN INPRES 1 LOLU
e0e03958-013c-e111-b16a-4b866c31791b,SD NEGERI BALANGGALA
6029cf57-013c-e111-b286-c36717a90cf7,SD INPRES UWELOLU
903b0fbf-f3fe-e111-84e8-a543e5597bf2,SMP NEGERI SATU ATAP BUMI HIJRAH
588ff6a9-9d96-41a0-9e95-fc1b63b92db5,MTSS AL-IKHLAS SIPAYO
40627c57-013c-e111-a91e-3f706ae957b6,SDN 9 BALAESANG
40fb2258-013c-e111-8b44-53cb81a7a913,SD INPRES 2 TOMINI
e0c4d557-013c-e111-ad82-2dc879006956,SD INPRES LALENGAN
50832b58-013c-e111-830f-87027385cdd0,SD INPRES 2 KASIMBAR
e038c377-eafe-e111-bd2f-4db7f4c3d20d,SMPN Satap 7 Banawa Selatan
53c5195e-293f-46dd-9b55-04e3a54d62f4,SDN 13 SINDUE TOBATA
308f8657-013c-e111-896d-77202adc5963,SDN 7 SOJOL UTARA
1069b258-013c-e111-8428-e37303a234f1,SMP NEGERI 20 SIGI
80f8ae58-013c-e111-96c6-f3ba0f93fcc1,SMP NEGERI 1 BOKAN KEPULAUAN
c0f97a57-013c-e111-80ea-19cfd00a1c87,SDN 7 SIRENJA
20487453-f5a6-e211-87a4-ad2b848743c0,SMPN SATAP 4 SIRENJA 
b012cd58-013c-e111-b07e-d7bb5ab7ae4a,SMP NEGERI 5 TOLITOLI
20511658-013c-e111-883f-133f4b0c66f7,SD NEGERI 4 PARIGI
007ee0bd-effe-e111-98bd-259511a86970,SD NEGERI BOANGIN
f0aa1d58-013c-e111-a3bd-57870d0951c0,SD KECIL TERPENCIL GONDALON
9058605c-fbfe-e111-8ba8-17d3d55b3e25,SMP NEGERI 4 TINOMBO
c0d4ff57-013c-e111-b342-59273037b530,SD NEGERI BOELIMAU
6069b379-25df-e111-ae29-bbd2f95fe7ff,SD NEGERI SAMPOBAE
3019f257-013c-e111-bee6-8f2915a8e194,SD NEGERI 3 BAMBAPUN
10cde657-013c-e111-8c09-5f34ad0593ad,SD NEGERI 6 GADUNG
8086d058-013c-e111-8f4a-773882121ddf,SMP NEGERI 1 BAHODOPI
d0fe3058-013c-e111-b36f-ebe01524a24a,SD NEGERI OGOTION
d0154357-013c-e111-8e90-d9770216018e,SD NEGERI OLUSI
10e75c5c-fbfe-e111-92d9-0979e24123da,SD KECIL TSM POSONA
20604457-013c-e111-9f8b-85e7cd7b681c,SD NEGERI BUNGIN
e027cb57-013c-e111-abf1-a169b0be3c93,SD INPRES 1 BAYA
0c911882-0514-4595-bdb8-7bfb292b1205,SD Negeri Lengkasa
406cbb57-013c-e111-bb55-e3aa2d2c7538,SD INPRES BASABUNGAN
c0246088-4cdf-e111-94b7-47297e330659,SD NEGERI JANJA
b003d358-013c-e111-9a31-fda24b2e57dc,SMP NEGERI 1 TINOMBO
a0a57457-013c-e111-af97-e50c0841df6c,SDN 10 SINDUE TOMBUSABORA
c0a92c58-013c-e111-9c55-3765c0f572e4,SD NEGERI MALANGGO
43a0d9dd-a4d6-4211-b01c-042eb666be2c,SMPN 4 BALAESANG
a091ef57-013c-e111-b106-db056d4b37d6,SD NEGERI 2 BAMBAPULA
10e98c58-013c-e111-97e6-8b821037238b,SMP NEGERI SATU ATAP 3 BANAWA SELATAN
20c0ea57-013c-e111-b797-317f61963fe3,SD NEGERI 3 KALANGKANGAN
4059d658-013c-e111-8225-4d7c04a956c3,SMP NEGERI 2 ULUBONGKA
50ad0258-013c-e111-a188-e74da092cc50,SD NEGERI 11 BUNGKU
10f8b058-013c-e111-a827-a30924675ae4,SMP NEGERI 18 SIGI
50798657-013c-e111-a7d0-9fc19817b9e8,SDN 6 SOJOL UTARA
80615bd1-61da-e111-a656-2b1240f3aea0,SMPN 4 MAMOSALATO SATU ATAP
7041bc58-013c-e111-92e8-757e6f5bffa0,SMP NEGERI 5 POSO
fcbc110b-06ea-4f65-b1b6-7c5038241d3c,SMKS GKST POSO
c086f957-013c-e111-85b3-972a99e80efa,SD NEGERI HARAPAN JAYA
77ae9c6d-38b9-44fd-b1d5-9d27b5af1ca3,SMAN 1 BUKO
b089c558-013c-e111-8cf3-f3473813d958,SMP NEGERI 1 MOMUNU
00b73958-013c-e111-8d31-f9ea03112ec0,SD NEGERI BORONE
2027c558-013c-e111-a28d-078a5b9dc6fa,SMP NEGERI 1 DAMPAL UTARA
80bef757-013c-e111-b945-3b0c21a9d476,SD NEGERI MALANGGA
e0f98257-013c-e111-a47d-e368d819e8d8,SDN 4 DAMPELAS
50806c57-013c-e111-a3ea-bbfec33918ab,SDN 12 BANAWA
3019605c-fbfe-e111-8dc3-15b63fd10b6f,SMP NEGERI MODEL TONIASA PARIGI
6003d558-013c-e111-b149-3feec3773bd8,SMP NEGERI 3 TINOMBO SELATAN
2094b158-013c-e111-b66f-d55d099fe523,SMP NEGERI 16 SIGI
b0abd558-013c-e111-9015-8f615045582e,SMP NEGERI 1 TORIBULU
40eeccd2-31f5-e011-a462-3df60c519886,SMP NEGERI 2 KOTA SORONG
8ed17109-cb05-4c00-8b3f-c0d4fc2eb927,SMP MUHAMMADIYAH SINEY
e056db57-013c-e111-b9a1-fdf85796b9d6,SD NEGERI 2 BOKAT/ SD PEMBINA KAB. BUOL
a4ff2bad-4834-4750-84bb-5911d953a955,SMKN 2 POSO
66b20a91-23ce-4af9-923e-6636d0d14eca,MTSS ASADIYAH TOLAI
20f9f562-69e7-e111-bce6-a7a4a616c4d6,SMP NEGERI 3 TOGEAN
705a0358-013c-e111-a090-1f448522b5cd,SD NEGERI TOPOGARO
80c80a58-013c-e111-ba6d-93650fff9799,SD INPRES GANDA-GANDA
a403d335-0490-4065-9de4-dc50919c73a7,MTSS AL-KHAIRAAT AMBUNU
42b77fdc-369a-4642-a45b-c5c3a3e54f5c,PPS Nurul Ikhsan
556f5366-21aa-4a83-8084-0f02b284cef7,SMK SWASTA TEKNOLOGI MALIGANO
c053d258-013c-e111-9120-a9558fe62832,SMP NEGERI 4 TINOMBO SELATAN
80cd3d57-013c-e111-90c7-f5cecec24edd,SD INPRES 2 PATUKUKI
98829a37-78ec-4dff-8901-481d42734773,MAS AL-AMIN LABONU
b02bcd58-013c-e111-8055-1b8c313d3f6f,SMP NEGERI 2 GALANG
2055f733-18d6-e111-9748-733b27671a40,SMP NEGERI 2 TALATAKO
9006b958-013c-e111-8eac-772206191ae4,SMP NEGERI 3 PAMONA SELATAN
2051105d-e7fe-e111-8726-d563c57fe7c6,SMP NEGERI 6 TOILI BARAT
30045258-013c-e111-ae33-418b8f5767b8,SD NEGERI ANDOLIA
ce038365-143b-43bf-b64f-4b0869f2b10c,SMPTK Axel Mozes
507c6458-013c-e111-b232-c716af259a40,SD DDI PALU
a02d9257-013c-e111-ab3a-613fc1f271b2,SDN 30 DAMPELAS
d0176358-013c-e111-b987-ad989cd9d6e6,SD ALKHAIRAAT SIDOLE
0041c757-013c-e111-a4f7-f3a59a16020d,SD NEGERI POPISI
80485058-013c-e111-bbb8-870a4ea0fc2a,SD INPRES 4 TAIPA GINGGIRI
c0512f58-013c-e111-b8b4-15d654c99861,SD INPRES 1 SIGENTI
700f8b57-013c-e111-b382-c1e3e33e1cb2,SDN 7 TANANTOVEA
a0d1bf58-013c-e111-b10c-91d20476158b,SMP NEGERI 5 SATU ATAP PAGIMANA
e0f3bc58-013c-e111-8253-813a858097f1,SMP NEGERI 2 TOILI
c040b358-013c-e111-80cc-9dff6d0a10ce,SMP NEGERI 11 SIGI
90c2c477-eafe-e111-8246-555a14fe3d01,SMP NEGERI SATAP 3 SINDUE TOBATA
cf5f966b-b957-4847-9238-78825a22f77b,SMAN 1 BAHODOPI
ae790cfa-0d67-4d24-8c28-d440767cc59c,SMA NEGERI 7 SIGI
8cc3a5cf-bf5e-4cb1-9fbf-fcf9d198b720,SD FANGIONO I SEBUKU
403adf57-013c-e111-965b-33e78a617a57,SD NEGERI 2 PALELEH
40e7c2c1-0fa3-e211-b56b-e9637f421c2c,SMP NEGERI 5 MOMUNU SATAP PINAMULA
80f3c058-013c-e111-a85c-3d0117991186,SMP NEGERI 2 TINANGKUNG
a003d857-013c-e111-a4a6-97523cfc429e,SD NEGERI 1 LAKEA 
90bd6558-013c-e111-9ddb-9955e07bf960,SD ISLAM TERPADU AL FAHMI PALU
4f998877-7bdd-4ea0-a3c3-71ed105534f6,SMAN 1 WITAPONDA
80b84758-013c-e111-84dd-f18a3aa6d780,SD INPRES 1 LERE
e2461643-6afe-4d02-adde-161483d74ff7,MTSS AL KHAIRAAT KENDEK
1a9feffc-b8ea-4efe-b38b-c7e21e07de14,SMAN 1 TINOMBO SELATAN
706e1158-013c-e111-9252-2561756b41ef,SD NEGERI 1 LAANTULA JAYA
20389157-013c-e111-8025-8da763edc64f,SD NEGERI WALATANA
b056c158-013c-e111-818a-810c9d071ba1,SMP NEGERI 4 BUALEMO
403f4d58-013c-e111-81e5-2b83e4ea1c94,SD NEGERI 25 PALU
605ee358-013c-e111-9708-7f20dd34c702,SMP KRISTEN GKST TIU
807d1d58-013c-e111-a3eb-cfcd2e372097,SD INPRES TIBU
2031dd58-013c-e111-91f7-f3af51d70dd0,SMP BALA KESELAMATAN BALAMOA
20be3e57-013c-e111-81fe-5de34525af91,SD NEGERI PEMBINA BULAGI
da81e135-48a8-45eb-8521-ad8c99f014a4,MIS AL MAARIF NU
cbfc3ca3-5351-48bd-8bef-253217e9958c,SMKN 1 DAMPAL SELATAN
000ab557-013c-e111-8ebf-7f81ed906383,SD INPRES PASIR PUTIH
660b6837-8b83-453b-a023-eee6c8178c9b,SMAN 1 MAMOSALATO
30ec5158-013c-e111-9adf-2f984ec0263c,SDN 14 SOJOL
a0e32958-013c-e111-a3a4-81e6c902d37f,SD NEGERI PADANG RAYA
80ae1558-013c-e111-ad8a-d93d247886e2,SD NEGERI 2 PARIGI
40f30c58-013c-e111-9678-1325c67c2322,SD NEGERI UEMASI
502db358-013c-e111-bcd8-715eaf6f31bb,SMP NEGERI 2 BANAWA SELATAN
f03c2dfa-f0fe-e111-a354-3de9e35b1748,SMPN 3 Bunobogu
33fb3564-d05a-4819-92c5-78e4f53c91e8,SMA NEGERI 6 SIGI
80339f7e-30f5-e011-981d-6f2254b29598,SD AL IRSYAD
0a5a94c9-b6eb-4172-bacc-869d75a577bc,SD KECIL TERPENCIL SINGGONITU
e07c4357-013c-e111-95f2-51f7bd277731,SD NEGERI KAUKES
605f2458-013c-e111-bc33-e7247d4138ce,SD INPRES MOUTONG TENGAH
3060b558-013c-e111-a381-09f8da484d0a,SMP NEGERI 2 SINDUE
e0ce8557-013c-e111-893f-0fbcbea735ef,SDN 4 SOJOL UTARA
80d5b957-013c-e111-8565-9da5d6ab888f,SD NEGERI 2 GALUMPANG
50ddaf14-2cf5-e011-96a3-2d1fc2cc7d17,SMP ISLAM AL MUHAJIRIN
a05f2258-013c-e111-9785-178568ab37d5,SD INPRES 2 ULATAN
e025e458-013c-e111-9ad1-5d1aa7bb33fd,SMP PGRI SIENJO
700e4f58-013c-e111-b84d-ade8d2f3f558,SD NEGERI 1 BAIYA
20d4d658-013c-e111-bd03-132b942bf43e,SMP NEGERI 3 AMPANA TETE
18f05de0-809a-4ad4-a8f5-2433d2c6647b,SMP NEGERI 1 PARIGI SELATAN
20aa1b58-013c-e111-89db-53948b8c733b,SD INPRES 2 SIENJO
e0a29858-013c-e111-ab14-ebb6e33a438a,SMP NEGERI 6 TOLITOLI
9c403932-3c4b-4346-9e5f-ba8762c4d87a,SMP NEGERI 6 ULUBONGKA
503c327e-30f5-e011-a8fc-03d01327987f,SD NEGERI 022 TANJUNG SELOR
40cfdf57-013c-e111-b537-eb2f8f6073f9,SD NEGERI 9 PALELEH
e04ae158-013c-e111-adec-9fba57b9cf1e,SMP KRISTEN TONGKE
900a3457-013c-e111-92fa-83aab588d06f,SD INPRES MONSONGAN
40184b58-013c-e111-9e2b-b3f47feda445,SDN INPRES 1 BIROBULI
e0d8c658-013c-e111-83b6-4bef85310f81,SMP NEGERI 4 PALELEH SATAP UMU 
e0bba057-013c-e111-b5ea-1106ae4811d6,SD NEGERI 18 POSO
b01c6e43-7bdc-e111-8901-a5948c8a2d0d,SMP NEGERI 3 TOJO BARAT
bac59ec8-9d0c-4930-818e-0ce31280fc6b,SMAN 1 BIAU
10d04357-013c-e111-9305-23e50c1b67d7,SD NEGERI LUKSAGU
b0163858-013c-e111-b545-3dd5b6c02b37,SD NEGERI WATUSONGU
8058e357-013c-e111-90eb-afec541abcf1,SD NEGERI 5 TILOAN
56329e97-8175-4391-aba9-1506453af379,SMKN 2 TOLITOLI
60ccca58-013c-e111-bea1-6f00a5baabf8,SMP NEGERI 5 OGODEIDE
2016ba58-013c-e111-b77b-5d4c03be54ad,SMP NEGERI 1 LORE UTARA
802d17d3-a0d4-e111-b9aa-2f3296e45ec8,SMP Negeri 3 Petasia Barat Satu Atap
e030d557-013c-e111-af33-fd924355dc02,SD NEGERI 1 PAISUBATU
607cb957-013c-e111-bb8e-278350c0a3bc,SD NEGERI BUNGAWON
0090c758-013c-e111-957d-85a06b9a8f3d,SMP NEGERI 3 TOLITOLI UTARA
e0cd4758-013c-e111-9d15-ebb044ba2103,SD INPRES 3 LERE
9849cbf0-7cb4-4c87-8b89-13a387c6940a,SMP NEGERI 5 MENUI SATAP
90a08857-013c-e111-94d6-8d1e23e5edd8,SDN 8 BANAWA SELATAN
104b1858-013c-e111-8be6-65b4b9637580,SDN KECIL JONONUNU
9a159c3d-c963-4bb3-b1a3-a1780358d641,MTSS PUTRI AISYIYAH PALU
60cbf375-1d6d-4f71-9025-34e4d6a9d1c9,SMK NEGERI 1 PATILANGGIO
3ac19a5e-d109-4e20-941a-a8e31676e902,MIN 2 TOLITOLI
40e10d5d-e7fe-e111-bc7d-5555a1ebdff0,SDN 3 SINORANG
d0245c5c-fbfe-e111-9096-55b7bde725fa,SD SITI MASYITA
2857a86e-d20f-4294-88cf-f0888cfb2245,SMK NEGERI 1 BOALEMO
c0123458-013c-e111-9436-79a69fde7b3c,SD INPRES 1 TOMOLI
b0170b58-013c-e111-b6d3-771c11199fb9,SD NEGERI UNGKEA
c0400158-013c-e111-842f-f751ca5ac6b7,SD NEGERI KOLONO
cea7dded-bc1d-45d3-a444-1e830bd7059c,SMAN 1 AMPIBABO
10ed5257-013c-e111-bc0f-8f28744b56a9,SD NEGERI ANCA
60094107-d05e-4d2d-9d8f-7fa9b3e09e00,SMKN 1 BUALEMO
e4e76a94-68a4-4464-827f-d846bd1cb406,MAN 1 BANGGAI
90190fbf-f3fe-e111-8e11-4f85217055b6,SMP NEGERI SATU ATAP KOKUDANG
308a0f5d-e7fe-e111-931e-3bbc2675e12f,SMP NEGERI 6 SATAP TOILI
a59004ad-ce65-46fb-bb35-8006a2197376,SMP NEGERI 2 BOLANO
a0e7d158-013c-e111-bc04-2f8229e8b877,SMP NEGERI 1 PARIGI UTARA
1090e257-013c-e111-af94-7fb93f7a4b01,SD NEGERI 17 BIAU
f080be77-eafe-e111-8af3-c76a76e3788e,SDN 20 BANAWA
a0dad958-013c-e111-9f23-5d6953a34b7b,SMP NEGERI 19 PALU
b0b3c777-eafe-e111-8cad-ddff69fc734b,SMP LPPKD Tolongano
c051e558-013c-e111-8772-ddf7ec6ccf98,Data sekolah kosong (ID tidak aktif/invalid)
a01db558-013c-e111-a4b2-c71ebcd904f2,SMPN SATAP 5 BALAESANG
e0c6135d-e7fe-e111-9c71-d3273a939ea0,SMP ISLAM TERPADU ASSOHWAH
0d0baaa9-5ae9-4d4a-ba57-a8045ffa5e16,SMA SIS AL-DJUFRI
400a2158-013c-e111-bcd1-c9f28b74c834,SD NEGERI 3 PALASA
20753358-013c-e111-922c-2564fe5ea5e3,SD INPRES SUMBERSARI
13b940d6-b6b7-428c-a1db-805cfe2a310f,SD NEGERI TERPENCIL OGOULANGA
6fb0e1a9-29ec-46aa-8169-97f2a6dc6637,SMA NEGERI 9 SIGI
20e04958-013c-e111-b5f7-4d2d72ae4abb,SD NEGERI PENGAWU
702eb657-013c-e111-b6d1-d7c149c9266d,SD NEGERI BIAK
2d98b9a9-83ac-4f24-807c-2ec51d2b120c,SMKS ALKHAIRAT BAHODOPI
0021da57-013c-e111-aab8-2357771206a3,SD NEGERI 13 MOMUNU
c023ef57-013c-e111-93d3-951fd16e9f3e,SD NEGERI 3 BANGKIR
a083b758-013c-e111-837c-57222f264ee3,SMP NEGERI 4 SOJOL
2070bd58-013c-e111-a93e-bd03f84e42cf,SMP NEGERI 2 BATUI
e0311158-013c-e111-a9de-6ba374f3b9fa,SD NEGERI SAMPEANTABA
e0d5e758-013c-e111-a3b5-9f60c03d62ac,SMP NASIONAL WANI
d8b36319-1482-42e7-b5be-9c825a0f6c08,SMKS INFORMASI KOMPUTER AMPANA
01460355-e250-4c30-bcb4-ac828f6e7172,SMP ISLAMIC SCHOOL PALU
80671658-013c-e111-be55-f58432e1f6fb,SD INPRES 1 INTI BANTAYA
1001b32b-0f06-e211-b476-53e002a6cc55,SMP INTEGRAL RAHMATULLAH
60d88357-013c-e111-8fd6-f9e2c2bc17d5,SDN 13 DAMPELAS
10d8f357-013c-e111-8771-bbc3c48c7f1b,SD NEGERI 2 BILO
f0c3b358-013c-e111-bce5-0389b5518de3,SMP NEGERI 2 BANAWA
f2123e46-e534-461b-ad38-81a7de022a15,MTSS ALKHAIRAAT SIBALAYA
7c06c2a9-dd21-4b39-9dfc-371aca0d8feb,SMKN 3 TARAKAN
a0f76f57-013c-e111-9887-5fb8e240420d,SDN 8 DAMPELAS
50fe8957-013c-e111-ba45-d51adb085b9b,SDN 7 RIO PAKAVA
30e02158-013c-e111-8b6f-01832cd23183,SD INPRES 1 TILUNG
0012b957-013c-e111-a0c3-0759b9981e9b,SD NEGERI 1 PAGIMANA
80ab5458-013c-e111-8fa3-db2a0ed9404d,SD BALA KESELAMATAN PUROO
707b2c58-013c-e111-a369-49423e7a9f37,SD INPRES LAEMANTA
4059eb57-013c-e111-aec7-b1db5ae99fa8,SD NEGERI SIBEA
20cad758-013c-e111-9b75-4b8aba4892eb,SMP NEGERI 1 WALEA BESAR	
5a75bd95-93a0-4ded-a634-2d231360e62d,SMKS ISLAM 2 WLINGI
50231358-013c-e111-88b6-bf6253199ee2,SD NEGERI MALEALI
c0666358-013c-e111-b6a6-375340f542f2,SD GKST TERPENCIL BAMBASIANG
c7fa99f1-db20-48e0-bb36-b96be1898dfe,SMAN 2 BUNGKU
60e36458-013c-e111-ad9e-990527f7dd01,SD BK LEKATU
e045cc58-013c-e111-8d0d-d75db534a2db,SMP NEGERI 4 TOLITOLI
20d3ce58-013c-e111-b5f1-3d0b4eeff94e,SMP NEGERI 1 LEMBO
40025858-013c-e111-9eb3-8153a2f6012b,SMPN SATAP 4 BANAWA TENGAH
90f4b558-013c-e111-9cef-931d2ca08ced,SMP NEGERI 2 BALAESANG
20513958-013c-e111-acdb-1bd7f7df8c0e,SD NEGERI 2 UEBONE
e03c6388-4cdf-e111-a41f-8599ac5e2453,SMP NEGERI 2 DAKO PEMEAN
901b868a-87d1-e111-be0f-c14d53906568,SD ISLAM AL AKBAR PETOBO
00e6db20-a0d4-e111-9d06-4ffeadf76887,SMP NEGERI 3 MAMOSALATO SATU ATAP
a09c6188-4cdf-e111-bd2f-ab38dbcfb1d5,SMP NEGERI 8 OGODEIDE
36b41a9f-5cca-4e43-90c7-255f3c21152c,SDN 31 BANAWA SELATAN
50522b58-013c-e111-bab2-cf6d00475edd,SD NEGERI 2 DONGGULU
10ffc758-013c-e111-bfd2-43ce1014a0a4,SMP NEGERI 2 TILOAN
8dbdfe61-ed95-425c-b503-1cce62a26d50,SMAN 1 TORUE
20c41e58-013c-e111-bda5-59eb938e3a77,SD INPRES 2 MALANGGO
b0adc958-013c-e111-ae2c-9d9125be83d0,SMP NEGERI 4 TOLITOLI UTARA
d070ce5c-a8df-e211-b2cd-15889e94f7dd,SD KECIL TERPENCIL GUNUNG PAKUKU TINGKULANG
00ed4158-013c-e111-99f6-235b82301ae7,Data sekolah kosong (ID tidak aktif/invalid)
180e4409-df5b-456a-8ceb-dd8fd3a67162,SMP SATU ATAP NEGERI 2 MEPANGA
60e8c277-eafe-e111-bfdd-79471da416d9,SMP NEGERI 5 BANAWA SELATAN
4083bb58-013c-e111-bfb7-4f65f7ec6325,SMP NEGERI 2 PAMONA BARAT
20fb0b58-013c-e111-8181-5fffc608073c,SD NEGERI LEMOWALIA
603d3a58-013c-e111-ab0e-d10029484be1,SD NEGERI 1 BALINGARA
30bede57-013c-e111-b635-91c054042ac7,SD NEGERI 11 BUNOBOGU
20d63557-013c-e111-95aa-9d288c67e119,SD INPRES DODUNG
d029b3ea-86fe-e111-bf7d-49119519bfaa,Data sekolah kosong (ID tidak aktif/invalid)
90de3058-013c-e111-a4a0-219e17454482,SD NEGERI MENSUNG
4001cc58-013c-e111-8eba-d9e9b27db49b,SMP NEGERI 3 GALANG
10ab1158-013c-e111-ba16-734b0f3e3621,SD NEGERI BUKIT HARAPAN
a06a3658-013c-e111-a91f-852eca7c35cf,SD NEGERI BETAUA
e079bd57-013c-e111-a31b-a1514299d594,SD NEGERI BOLLO
40f0c077-eafe-e111-9751-55bdcbf6e420,SD Al Khairaat Bou
19402855-3e7f-404b-8081-23aa44aa6efc,SMKS BINA POTENSI
006fb658-013c-e111-8bf2-d5692591ad3e,SMP NEGERI 3 BALAESANG
e0abb158-013c-e111-8e1c-cf356eda0b89,SMP NEGERI 30 SIGI
405bb658-013c-e111-b58a-9d6c5fe96fd1,SMPN 1 Balaesang Tanjung
407b5757-013c-e111-a53a-d3a79814b8e1,SD INPRES KAPIROE
c0cde258-013c-e111-8d8e-4f22f1ab07bb,SMP NURUL IHSAN TOLITOLI
7afa7a5e-3e46-4666-abb1-efffe9d0ed16,SMK Negeri 2 Biau
a0de0158-013c-e111-b52a-5f5ea430707e,SD NEGERI 06 BUNGKU
c0cd1231-88f1-e111-8882-8f78f5ef49bc,SMP NEGERI 4 BUNGKU
e0f01a58-013c-e111-a401-51642ead4955,SD INPRES 1 LEMO
5af9698e-f079-4bde-999d-2837aee120e4,SMAN 1 MOILONG
5454bd96-537d-46af-bf4e-fbd3ed07f9a6,MAS DDI PARIGI
607e3058-013c-e111-8466-3d69076eb940,SD INPRES 3 SINEY
9b0e95a7-e7e9-4cb4-9bbd-7db6ccc483fc,SMA NEGERI 2 TOLITOLI
bba2b00f-c4a9-4dc6-beca-6ba688adf054,SMAN 1 MEPANGA
f083cd57-013c-e111-a5b8-4f5860e2e8fb,SD NEGERI RATA
609ebc58-013c-e111-aa9b-bd4f869e9a09,SMP NEGERI 4 TOILI
d5b99a95-27d8-4ce7-b576-39a03ae223b6,MAN TOLITOLI
20f96c57-013c-e111-82bf-112b34bdf1a9,SDN 14 BANAWA
6c8dbaa2-8fe2-48b4-9e06-a6322d6f3dc1,SMPN SATAP 8 DAMPELAS
c00d5457-013c-e111-a4ce-65f1d590737b,SD INPRES TOMADO
e0d60258-013c-e111-9fab-5be92f272e8d,SD NEGERI 12 BUNGKU
a07310bf-f3fe-e111-b166-d5f0f548d563,SMP NEGERI 1 TINANGKUNG SELATAN
c05a4958-013c-e111-a715-e73982b300ed,SD NEGERI 10 PALU
20d46088-4cdf-e111-8d24-35d73418f4e5,SMP NEGERI 4 BASIDONDO
902070a2-c1cc-e111-9f83-a3c7cfb94119,SMP SATU ATAP NEGERI 5 SIGI
625bea07-737a-45f4-96e1-7ecd6e9b9df3,SMKN 1 BUNGKU TENGAH
10926d57-013c-e111-b84e-3db180c0ceac,SDN 4 BANAWA TENGAH
7046bb58-013c-e111-8ec8-0551cf25e7e9,SMP NEGERI 2 PAMONA TIMUR
801e3158-013c-e111-8e71-0560fef1293c,SMP NEGERI 3 MEPANGA
d054a457-013c-e111-b39f-b368091f5d1d,SD SMP NEGERI SATAP TINDOLI
a0653058-013c-e111-8f63-89172511f7ee,SD INPRES 5 TADA
20cfe157-013c-e111-afff-dbe7c0565764,SD NEGERI 8 BIAU 
df6d8317-4253-4f19-b9c0-d58e2bf082d5,SMKN BOLANO LAMBUNU
c9c3249b-0bbc-4caa-89ae-9a546960f8d8,SDN 12 BANAWA TENGAH
1f1b52d2-74a4-431b-a7ae-0d8669aa8a1c,SMP Negeri 3 Petasia Timur
80c3b658-013c-e111-b76e-d3a8796b5df7,SMP NEGERI 1 DAMPELAS
6c2f275a-78eb-47dd-a4f2-bb69fd73871b,SD SMP SATU ATAP NEGERI BOMBAN
e0112c58-013c-e111-a188-ef71fc7ab147,SD NEGERI 2 POSONA
2048d758-013c-e111-8dd8-e7e7c03a84eb,SMP NEGERI 2 AMPANA KOTA
609ce658-013c-e111-8927-a7e9b2971bab,SMP PGRI 2 PALU
a07fce58-013c-e111-9705-81d5c78312f6,SMP NEGERI 3 BUNGKU TIMUR
50842658-013c-e111-a728-fd264c67350f,SD NEGERI 2 ONGKA
c0c08b57-013c-e111-b8e9-03b67eea9356,SDN 11 TANANTOVEA
e0d2ae57-013c-e111-ad5e-c1e6f9525577,SD INPRES MANAMPAK
9f80431f-7c02-4797-8bb2-765e0232df53,SD NEGERI 3 TERPENCIL EEYA
403b1f7e-69e7-e111-bd55-1deb61b10198,SMP NEGERI 3 WALEA BESAR
40a45f88-4cdf-e111-97bf-73952a5a3bb3,SMP NEGERI 5 DAMPAL UTARA
b130d6b1-44ff-4488-a64d-f9c7b9778885,SMP NEGERI 4 LAKEA
300efd57-013c-e111-99f3-1797e603a245,SD NEGERI PULAU TIGA
c0ca2158-013c-e111-b9a8-132047cd97cc,SD INPRES 1 OGOTOMUBU
6088cf58-013c-e111-8587-db2758e7508c,SMP NEGERI 2 PETASIA TIMUR SATU ATAP
b3425430-9156-407c-bc3f-45cf05e1934f,SMKS GKST 2 TENTENA
00536358-013c-e111-8322-d9abe32113df,SD GPID SIGEGA
00b62858-013c-e111-bdc7-df7f26e641d1,SD INPRES SRITABAANG
20fed158-013c-e111-9425-f1fe2e3c5e2c,SMP NEGERI 2 PARIGI SELATAN
c0dd1058-013c-e111-b75d-21de99f18ab0,SD NEGERI UNGKAYA
2041d358-013c-e111-bda2-1112915b0ecc,SMP SATU ATAP NEGERI 4 TINOMBO
749b3da3-4973-4f7f-9087-ee5e6f84ed9d,MIS AL HIDAYAH
f0b3e857-013c-e111-866f-11d6372fd571,SD NEGERI 3 TOMPOH
8a0f9b64-79b1-4a5e-a62d-73311691f675,SMAN 1 PARIGI TENGAH
a06eeb57-013c-e111-8ed8-b96b200d6ec7,SD NEGERI 3 BASI
f0c3f557-013c-e111-9b14-cdeef3971612,SD NEGERI 3 TAMBUN
e07fc657-013c-e111-8af4-ed07d0036302,SD NEGERI LONGKOGA TIMUR
20cdec57-013c-e111-9cb2-cb63fef01786,SD NEGERI OYOM
c0841e58-013c-e111-9a3d-15b515d89c4e,SD INPRES 2 TERPENCIL LOMBOK
80a6dc57-013c-e111-b2d4-f98aef5ff953,SD NEGERI 18 BOKAT
742eded6-be1a-4db4-85fc-a8e7d2a6f180,SMAN 1 BOLANO LAMBUNU
11fc751b-f962-468d-a878-84a731f5f497,SMAN 2 SOJOL
6029625c-fbfe-e111-8135-a1d12763dd94,SMP NEGERI SATU ATAP NEGERI 1 PARIGI TENGAH
d0a43a58-013c-e111-b303-7d4be77af8d8,SD NEGERI WANASARI
8b1459ec-7d52-4483-89c9-548253ed5c81,SD SALIANO
2327e057-cef4-4a85-94b7-6e1731f86de1,SMKS SWAKARYA TOLITOLI
601c8757-013c-e111-bea7-3798ea5f87ef,SDN 23 SOJOL
979c125c-0984-4842-a187-8e24d701da7e,MTSS TINOMBALA
2044d357-013c-e111-bf8c-43506a157032,SD INPRES POPOSON
200cd058-013c-e111-ab64-299066a80987,SMP NEGERI 3 SATU ATAP BUNGKU UTARA
000f089e-9ed5-e211-878a-fbc0b0c00b92,SMP NEGERI 4 OGODEIDE
3b28f08f-99c3-40ca-a0b0-30294fe7373d,SD NEGERI POKEANG
6035e158-013c-e111-bee6-6116da016dba,SMP KRISTEN BOMBANON
40c7fc57-013c-e111-a6b9-6b91d0b6375c,SD NEGERI 3 ULUNAMBO
b08a0a58-013c-e111-8fe7-9d626e8798df,SD NEGERI MOHONI
20deeb57-013c-e111-b28e-c136dd363e5b,SD NEGERI 13 TOLITOLI
a0165158-013c-e111-989f-234b259cc665,SD INPRES 14 PANTOLOAN
404dbebe-a0d4-e111-8e96-a91b8d7edc49,SD NEGERI 2 BAHONSUAI
c0bdcf58-013c-e111-bd7e-499b05878b19,SMP NEGERI 2 PETASIA
c08b0158-013c-e111-8c6f-ff6d338f6d27,SD NEGERI 1 BAHOMOTEFE
8015b258-013c-e111-b5d2-97d90c1d81bd,SMP NEGERI 26 SIGI
e06bf257-013c-e111-89fa-45a369e677c1,SD NEGERI LUOK MANIPI
d0607057-013c-e111-84eb-c77638c16af4,SDN 18 BANAWA
20675858-013c-e111-acde-1743f246033c,SD ISLAM YPPI
20322447-a0d4-e111-b3a6-232b10948fb2,SMP NEGERI 3 BUMI RAYA SATU ATAP
e0cf3457-013c-e111-a14d-eb5ea73ad9f5,SD NEGERI POTIL POLOLOBA
f0ed0258-013c-e111-9fab-0bedec6a50be,SD NEGERI 1 ONE PUTE JAYA
004a4057-013c-e111-9f2c-fdd3537ca5e1,SD NEGERI INPRES SUMONDUNG
9010ce57-013c-e111-bf2d-1bba885619c5,SD INPRES MAKAPA A
70648657-013c-e111-b6d9-75150b2451d6,SDN 18 SOJOL
f07a4858-013c-e111-b5e2-7b3d1351569a,SDN INPRES BULURI
10ad0f58-013c-e111-afb6-b5f7ea4dd21a,SD NEGERI KURISA
20800058-013c-e111-a38d-f949015ddda0,SD NEGERI BUNGINTENDE
109e0b58-013c-e111-97db-67ad0f17a338,SD NEGERI MOLINO
c0af7257-013c-e111-99c1-419338b27f6e,SDN 1 TANANTOVEA
a05c3d58-013c-e111-977c-4372d00216f8,SD NEGERI 11 AMPANA KOTA
9004e758-013c-e111-9d63-a7db21432d52,SMP MUHAMMADIYAH SONI
205e3957-013c-e111-ba6c-3f6ee2e510ba,SD NEGERI 2 SALAKAN
60884258-013c-e111-9a1c-496d66eb6544,SD NEGERI AWO
aaa6fe20-d2ab-4523-bf39-0ab6d09050f1,SMAS GPID SUMBERSARI
c02dc057-013c-e111-b84f-e3a9bfb1fcdc,SD NEGERI KAMPANGAR
906cdb57-013c-e111-98c4-dfcf0a5b7dfc,SD NEGERI 3 BOKAT
00f6d358-013c-e111-8524-51d36e8bd302,SMP NEGERI 3 BOLANO LAMBUNU
30c85d5c-fbfe-e111-85d7-57ccc3b713d3,SD KECIL TERPENCIL PUNSU 
400695d0-6585-e111-8830-b3268b0871fe,SD NEGERI 7 DUNGALIYO
9e048bcc-c4db-4c6d-bb36-6d62f4050525,SMAN 2 PETASIA
d468a4c9-7cd8-4e0b-b882-167ab24f0b08,SMKS DARUL ULUM TOLITOLI
40774fc4-0d26-e111-b451-5ba6c04a87d3,SD NEGERI 120 LAPONRONG
201cd557-013c-e111-8df4-4f0a88a0d0f1,SD NEGERI BATANGONO
20870d58-013c-e111-a0a0-3986fda2975d,SD NEGERI SALUBIRO
a183ec6c-fb62-4b36-aee7-63e65a21867d,MTSS ALKHAIRAAT GINUNGGUNG
c0b9d258-013c-e111-b6e5-4154cc81ce37,SMP NEGERI SATU ATAP I AMPIBABO
30e2ec57-013c-e111-b38f-6f3725ccd70f,SD NEGERI SINUNGKUD
19d8a7a7-ead0-45de-87a6-53018f8104f2,SMA NEGERI 10 GORONTALO UTARA
75415ea9-4117-4896-9488-2dcdc7b2fab8,SD ISLAM TERPADU BINA INSAN PALU
00ec1d58-013c-e111-8a39-259cbb0a9943,SD INPRES 2 BAINAA
80310e5d-e7fe-e111-9e42-bf4bca36f83c,SD INP. BOLOBUNGKANG
608dbf58-013c-e111-a553-8d5efb42820b,SMP NEGERI 3 PAGIMANA
c0606658-013c-e111-b686-816cf4eea74c,SD ALKHAIRAAT MAMBORO
80908e57-013c-e111-aa22-c528b192d900,SD INPRES 1 BALUASE
40f73358-013c-e111-8dfd-89da4b5544aa,SD NEGERI SIBALAGO
e0433458-013c-e111-a6de-2f2e87998ebb,SD INPRES 1 SIENJO
00c4df58-013c-e111-9f81-856f9fc66620,SMP ISLAM TIRTAKENCANA
b06a60cb-bcf3-4361-9cb0-0cbb340aa7f6,MTSS AL HIDAYAH
20d12f58-013c-e111-9c62-751b33388ea0,SD INPRES 3 SIGENTI
5694853a-a500-400d-9f7f-a2824ced3c36,MTSS ALKHAIRAAT BALUASE
c7fa62a9-dd59-4e81-ba25-f44c894db7e3,SMA NEGERI 3 BALAESANG
51293dc2-25eb-4b64-8026-9fcd6651f410,MTSS ISTIQAMAH DUNGINGIS
30ad5f5c-fbfe-e111-84b8-13f0f44bf8b8,SD ALKHAIRAAT SIDOAN BARAT
105d5657-013c-e111-ab5d-01f7f418f9cf,SD NEGERI SOULOWE
c0db1a58-013c-e111-b809-5149aa114eec,SD INPRES 2 TORIBULU
b0931b58-013c-e111-8e0b-e702706b30a7,SD INPRES 4 TORIBULU
397ca919-933d-4c11-81fd-6c9561204616,MIS ULUL AZMI
204f2958-013c-e111-8ef7-6f5e562b8de5,SD INPRES 3 MALINO
40d61658-013c-e111-a98d-2563ec113f82,SD NEGERI KAYUBOKO
003c1741-f9fe-e111-80f0-b1f477f62851,SMP SATAP NEGERI 12 SIGI
609c7a57-013c-e111-b639-65b656bc7288,SDN 16 SIRENJA
94833b74-d1ae-4fca-b061-58b7fcd66296,MTSS ALKHAIRAAT WOSU
5ab05985-e4de-4f59-b06f-edb4fda464a3,SMAS AL IMAN ULUALE
696ec35a-011b-4e50-9ca3-de917d666e58,MTSN 3 BUOL
801bb458-013c-e111-a277-33d1aacdd192,SMP NEGERI 3 BANAWA
bfa775ae-9225-4456-8a09-f78793814448,MAS ALKHAIRAAT BOBALO
302aeb57-013c-e111-8827-03aba962ba09,SD NEGERI 2 TOLITOLI
50c01b58-013c-e111-b92e-575c2c15a3c5,SD INPRES TOLOLE
60444b58-013c-e111-b95e-e1f0e88a5699,SD INPRES 3 BIROBULI
90d86f57-013c-e111-88f4-31ce6a45881f,SDN 19 BANAWA
807cf757-013c-e111-b353-dd1f6eb531ca,SD NEGERI GINUNGGUNG
2002d758-013c-e111-8975-7b71467f43b2,SMP NEGERI 1 AMPANA KOTA
60b1ec57-013c-e111-8255-6d0c875b6e8b,SD NEGERI 4 BASI
90ca6fa2-c1cc-e111-babe-350ea51a9a92,SMP NEGERI 29 SIGI
40dee058-013c-e111-993f-87ad1f1f0c42,SMP ISLAM PAGIMANA
4075ad58-013c-e111-b861-994950745a3e,SMP NEGERI 1 TOTIKUM SELATAN
60757d57-013c-e111-b597-09e4e07773c9,SDN 4 SIRENJA
601c3357-013c-e111-a3d4-8bc0e15c4d5f,SD INPRES TENGKEL
4008b558-013c-e111-8b3a-2d519bfd9f45,SMP NEGERI 1 Sindue Tobata
5669d61d-2ad4-43b7-a1b4-c2ee4b054526,SMAN 2 POSO
b01e9a57-013c-e111-a86f-9fbb1ab0817e,SD NEGERI WATUMAETA
4047c658-013c-e111-bc82-7dee9bbae263,SMP NEGERI 2 BUNOBOGU
e05df957-013c-e111-9ef1-159004c923e0,SD NEGERI 1 SALUMPAGA
e021d957-013c-e111-9f14-f53fe81ef0d7,SD NEGERI 1 MOMUNU
708f3258-013c-e111-97c9-3d10f35f585d,SD INPRES 3 KAYU AGUNG
b067c858-013c-e111-bafb-75bc934415c7,SMP NEGERI 1 BUKAL
20e02c58-013c-e111-90be-7b6705546822,SD NEGERI TORUE
30c14cc2-9fd4-e111-8786-c9be0b538668,SMP NEGERI 2 BUNGKU PESISIR SATU ATAP
14fe979e-1d29-4f7e-a1c1-4ecf686e43f0,SMA NEGERI 2 TOILI BARAT
80da6158-013c-e111-8800-377ea3accbd1,SD ALKHAERAAT BUNGINTIMBE
f164b42e-f8ea-4f2e-ad39-ec6f1a5820cb,SMP NEGERI 7 BUNGKU UTARA
904fde58-013c-e111-9030-8f8610b2eed1,SMP BALA KESELAMATAN PAKAWA
10cf7e87-ccc1-e111-9a00-a74568260e11,SMP ASTRA MAKMUR JAYA
c0a1e158-013c-e111-8a0f-d7c00b38317e,SMP NEGERI 2 BANGKURUNG
007a4b58-013c-e111-a0ba-8948099c12f0,SD INPRES 5 BIROBULI
a0821158-013c-e111-a8bb-3d5b9d897405,SD NEGERI 2 LAANTULA JAYA
40a55c57-013c-e111-860b-9f3d03f26075,SD NEGERI ROGO
e080fd57-013c-e111-8b62-ffb3d1a38802,SD NEGERI PADEI LAUT
10b5d058-013c-e111-bef9-b17d1f3c2f0b,SMP NEGERI 2 BUMI RAYA
a050d158-013c-e111-b367-67dcef3d8b38,SMP NEGERI 2 SAUSU
b00b6388-4cdf-e111-81c7-9f111f499659,SD SMP SATU ATAP MALANGGA
80ede457-013c-e111-b751-27e6bf59007a,SD NEGERI 7 BUKAL
c087e957-013c-e111-af9e-cfc3650e124d,SD NEGERI 3 NALU
9887f516-9b6e-46c0-b731-500fd4e8040d,MTSS MUSLIM SALOYA
c01c7d57-013c-e111-9275-832b58abbe9c,SDN 18 SIRENJA
1a844049-003b-4f35-8874-0a3a30878341,MTsS AL HIKMAH
4086f557-013c-e111-a195-339d980088c7,SD NEGERI 1 TAMBUN
609c3858-013c-e111-8641-b1bdec9c9f70,SD NEGERI 1 PUSUNGI
60602158-013c-e111-895d-d565057f3ffc,SD INPRES 1 PALASA
002610bf-f3fe-e111-bf4c-6d2f61aa220e,SMP NEGERI 2 SATU ATAP TOTIKUM SELATAN
40141c58-013c-e111-80a8-cf8dda1e5cdd,SDK TORARANGA
f90f4f69-e66f-40ac-aa54-7b13a9ac978f,MAN BANGGAI LAUT
201b3491-b2d5-e211-8c21-d59edf1a1542,SMP NEGERI 6 LAMALA
90dfd058-013c-e111-9e57-7527f489ea3a,SMP NEGERI 1 WITAPONDA
d035605c-fbfe-e111-aee2-29450be24cfc,SMP NEGERI 3 AMPIBABO
802d0f58-013c-e111-acfc-4b590095ab65,SD NEGERI LABOTA
406b5e57-013c-e111-91a0-5be88964f2c7,SD INPRES 2 KALUKU TINGGU
60b11a58-013c-e111-99f0-fda8848499d9,SD INPRES TOWERA
40958957-013c-e111-be8c-d9462e0cb61d,SDN 23 SINDUE
0f0efaf7-b172-475d-8b56-72c160c8d68a,SMAN 2 SOYO JAYA
d0181758-013c-e111-87d1-752b822f0b55,SD NEGERI INTI PANGI
3067d158-013c-e111-9c2a-2d25b90b44fa,SMP NEGERI 1 BALINGGI
60bbb653-c628-e211-a0c1-4538635524d1,SMPN 1 Paleleh Barat
20ebc177-eafe-e111-9467-edc92aae15cf,SMP NEGERI 1 Rio Pakava
40dcba57-013c-e111-82cd-b5cfe28a713b,SD NEGERI ASAAN
c02fb758-013c-e111-932a-212fbb9f234e,SMP NEGERI 1 SOJOL
a0117057-013c-e111-b8d9-4b1ef53f6a51,SDN 26 BANAWA
803fc777-eafe-e111-8bd3-ab1c549bfe8f,SMPN SATAP 4 Labuan
80da1558-013c-e111-8127-53c2de1e4bbc,SD NEGERI PETAPA
327cbfb9-4852-403c-9774-cfd1c99a125a,SMKS RAUDATUL ULUM 2 AEK NABARA
2056f057-013c-e111-a3a9-09fd3f77702a,SD NEGERI SIMATANG TANJUNG
330e279d-f722-42de-912a-309b620c7d4d,SMA NEGERI 1 PULAU TALIABU
203e6657-013c-e111-80c0-2582d19d47b1,SD NEGERI 2 BIROMARU
60aeb958-013c-e111-beb3-ed04cdc1383b,SMP SATU ATAP NEGERI UELINCU
7649f80d-716a-4903-ab3c-6d4283eddc05,MTSS MUHAMMADIYAH LINGADAN
a0c2b758-013c-e111-ab6c-cbb77b7031ab,SMP NEGERI 1 BANAWA SELATAN
90710358-013c-e111-9a8d-4d0cb773f6ad,SD NEGERI LAROBENU
60bf3758-013c-e111-9940-550cff70bea2,SD NEGERI TAMPANOMBO
20249e57-013c-e111-9315-6fe6e8ae0f74,SD NEGERI 1 TOYADO
00ac5b57-013c-e111-b30c-ad2e356e4c46,SD NEGERI 2 KALEKE
40641841-f9fe-e111-ad3a-3799b300fed0,SMP SATAP NEGERI 21 SIGI
a059b758-013c-e111-80ac-c3c2b396ae30,SMP NEGERI 3 SOJOL
0001bb58-013c-e111-b591-31c308a6e996,SMP NEGERI 2 LORE TENGAH
40106458-013c-e111-b8a1-25643cc03305,SD ALKHAIRAAT MIRE
a0fd7687-ccc1-e111-b19b-9391d92a2922,SMP NEGERI 01 BAMBAIRA
80e98957-013c-e111-ab88-2f7723cf4267,SDN 4 RIO PAKAVA
21d142f2-8f54-40bf-a407-c48e0335b57f,MAS ALKHAIRAAT PUSAT PALU
801a3b57-013c-e111-acea-a31284d8bcaa,SDN INPRES SAIYONG
00a8f057-013c-e111-8b9c-ad666c9b94d4,SD NEGERI 1 MALALA
c1278979-dad3-41f2-bd6a-4f8861afabbe,SMA NEGERI 2 AMPANA KOTA
a1203778-9a25-4975-8d89-0ab7148f71c9,MTSS ALKHAIRAAT BANTUGA
80ae3a57-013c-e111-a292-6f4a2529584f,SD NEGERI BOBU
e028c358-013c-e111-bd58-9d9a84516222,SMP NEGERI 2 TOILI BARAT
74bc25b1-fbd0-49a7-ba68-776cc60d1e98,MTSS ALKHAIRAAT AMPANA KOTA
577a77e3-daa8-4a1d-ade3-329346be20d3,SMK NEGERI 1 BUKAL
40793758-013c-e111-963e-0970c77487bf,SD NEGERI 1 MAROWO
30d01258-013c-e111-b2c8-1398c841bcca,SD NEGERI PARAMBA
8049b558-013c-e111-80be-bf93ddc18b35,SMP NEGERI 1 SINDUE TOMBUSABORA
10437557-013c-e111-b22d-316762533b8f,SDN 11 SINDUE TOMBUSABORA
3204da16-0315-4f76-bc0b-3822df330cc5,SMAN 1 SIRENJA
a9a01382-6f7f-463b-b08a-26b5cf1731bf,MTSS SALURIMI
cb9aee94-a8f0-40e5-ab63-d51b1971f02b,SD NEGERI PULAU TENGAH
a0ba3858-013c-e111-859e-31e483d8f879,SD NEGERI 2 PUSUNGI
90c92358-013c-e111-b84e-5be832a423c8,SDN KECIL TERPENCIL DONGKALAN
309e3257-013c-e111-9699-83efa2531e1c,SD INPRES BONTOSI
30212f40-0c20-e311-9d18-478e4d5a5620,SMP NEGERI 2 TAOPA
90f92958-013c-e111-918b-9df6b87572cc,SD INPRES 2 MALINO
08bed9b5-0e2a-43c1-a837-511e01168a75,SMAN 9 PALU
c53ed6f3-2981-4092-9a1d-c77aa5ef7312,MIS ALKHAIRAAT POSONA
b7cab12a-4708-4431-9e51-cf867e11f842,MIS ALKHAIRAAT TAMBARANA
20241a58-013c-e111-8a3c-6d657efa1ef9,SD NEGERI TOLOLE
004e6457-013c-e111-ba89-c92c3ba756ac,SDN 6 RIO PAKAVA
207e1458-013c-e111-bcca-e534422f2cee,SD INPRES 6 SAUSU
3685448d-1880-4a1f-8ab0-b170ab453360,MTSS CHAIRUL AMIN
20e90f58-013c-e111-a023-5916566960b0,SD NEGERI SAMARENDA
00d74458-013c-e111-a04a-b16c3db608ae,SD NEGERI BAMBALAGA
1354282d-2f3d-4939-bae1-ce6efec4c362,SMAN 1 TINANGKUNG SELATAN
a00de658-013c-e111-a707-df7fc1bd3fbc,Data sekolah kosong (ID tidak aktif/invalid)
5045c277-eafe-e111-9d91-61e8a892e2cf,SMPN SATAP 3 RIO PAKAVA
40d94d58-013c-e111-b7ea-db018ff527d4,SD INPRES 1 TONDO
c0daad58-013c-e111-b202-a517345de7af,SMP NEGERI 1 LIANG
a042ceac-30f5-e011-b495-ad7bdbeea25f,SMP COKROAMINOTO MANADO
500bc758-013c-e111-9b26-9ffc210ad82e,SMP NEGERI 2 BIAU
182c8d6a-d42f-4e52-8f87-579138eb6711,SMKN 1 AMPANA KOTA
202b5558-013c-e111-95fd-5105d225101d,SD BALA KESELAMATAN LEMPELERO
415cf11b-a288-4aac-a339-1b95eea98c0d,MTsS DARUSSHOLIHIN NAHDLATUL WATHAN
e075ff57-013c-e111-9af4-ebb8ca7a4966,SD NEGERI TANGOFA
6d4e2298-16d5-414d-b7f6-6562bb0f4b2e,SMK MUHAMMADIYAH PARIGI TENGAH
30a6f157-013c-e111-98eb-65e4015e649d,SD NEGERI 1 OGOWELE
9fd1177f-57a6-4e3c-9e48-b62cb480f633,SMAN 1 LAGE
84159d68-ca94-439b-924c-e1c59189f555,SMP SATU ATAP NEGERI 3 TINOMBO SELATAN
20834058-013c-e111-8381-f38e4949fa9f,SD NEGERI MALENGE
60855957-013c-e111-a2cd-8f41e983c27f,SD INPRES REJEKI
e0d3b257-013c-e111-8872-35c1a6db66e5,SD INPRES 03 BUNTA
6052ae58-013c-e111-9c28-25ed5571ac13,SMP NEGERI 1 BUKO
e0f7e657-013c-e111-8758-776a062a231d,SD NEGERI 8 GADUNG
8072bf58-013c-e111-96e3-7b59f4750412,SMP NEGERI 2 PAGIMANA
06371a27-4f8f-418d-bcee-c954470f1734,SMKN 4 AMPANA KOTA
c0601858-013c-e111-a22f-25ddc9f7a839,SD INPRES 1 PARIGIMPUU
20026258-013c-e111-b6fe-95ea9dcb1f12,SD GKST TARONGGO
200c3a58-013c-e111-91c5-8d35626b4460,SD NEGERI SABO
fd384114-0e23-410f-a75e-16d46a8cbdcd,SMAN 1 LAMALA
a04a7857-013c-e111-9550-599dd1068792,SDN 1 SINDUE TOBATA
e0e9b158-013c-e111-aa3d-e17278475b74,SMP NEGERI 15 SIGI
10f66ca2-c1cc-e111-b0e5-8794a12710b4,SD Negeri Wangka 
00bc4657-013c-e111-95ff-1307f7870bd1,SD NEGERI SUIT
2409a144-854e-4fc2-8190-481ef65435ce,SMP NEGERI 10 TOILI
50797c57-013c-e111-9802-9f0ebf858e8e,SDN 10 BALAESANG TANJUNG
7229b09a-24aa-4e9d-a7f3-f5b16826797f,SMAN 3 TOLITOLI
a0e5605c-fbfe-e111-94c9-3d953f9284a5,SMP NEGERI 6 BOLANO LAMBUNU
6a0db176-f119-47d8-9362-63565c436aec,SMPN 1 PALASA
918c47fa-2272-45dc-bd5f-9b4a0ceabd74,SDN 20 MOMUNU
e0d81158-013c-e111-9260-25089be8cf09,SD NEGERI KOLO ATAS
c07cd158-013c-e111-bde6-0b91ae09c472,SMP NEGERI 2 BALINGGI
00441f58-013c-e111-9a5a-0159a4852e5b,SD KECIL OGOBAGIS
60723b57-013c-e111-bab8-df0d14eec7e0,SD INPRES TOMPUDAU
a054b358-013c-e111-9778-932ec521dbe7,SMP NEGERI 13 SIGI
400de257-013c-e111-bcb9-51283aa16e3c,SD NEGERI 11 BIAU
00b1ad58-013c-e111-b07e-950870dad0c0,SMP NEGERI 2 TINANGKUNG SELATAN
d8b5d57c-d1fc-42a0-b56a-a2352ba04b8d,SMP ISLAM FARID AS-SHOLEH NW
008ed858-013c-e111-a9b4-ad2ebf710478,SMP NEGERI 10 PALU
30bcd158-013c-e111-8c26-295e705a8630,SMP NEGERI 1 PARIGI
e0bed858-013c-e111-9de4-4f17232b8b2c,SMP NEGERI 13 PALU
404bdb22-95fe-e111-ba9e-df8e06c1e96e,SMP NEGERI 3 DUHIADAA
4a7f21c2-e84d-485c-8f0f-c6b83e28e771,SMAS AL-KHAIRAAT BUNGINTIMBE
801bd357-013c-e111-be7d-bff82d5b34a6,SD INPRES BALAANG
f961d9f3-fc45-4ae1-aa6a-fe3ae1cebe07,SMAS MUHAMMADIYAH WOTU
e02b6258-013c-e111-af01-c9616e4fccb6,SD ALKHAIRAAT PEBATAE
202fd357-013c-e111-bb08-0b2e544e3fa3,SDN INPRES BOLITAN
809fd058-013c-e111-b50e-a3dd15c6df9f,SMP NEGERI 1 BUMI RAYA
b0a23d58-013c-e111-92ed-0fa0221c3038,SD NEGERI 13 AMPANA KOTA
2c8eb7a3-9041-425e-839e-45034f8d5c7a,SMAN 1 BANAWA
10c7e658-013c-e111-bb1a-2174f392c0d6,SMP KARYA BAKTI MAMBORO
00c41558-013c-e111-bfe7-63fb9a1dba01,SD NEGERI BINANGGA
a775c159-6ef0-4fe0-abe8-7205abbcbfe5,SMP NEGERI 3 LABUAN
00e19f57-013c-e111-82fc-11371aadbc1e,SD NEGERI TRANSMIGRASI WATUAWU
a0a26757-013c-e111-92cf-992fdd0d4aea,SDN 8 BANAWA
b244a231-8136-41bb-bfc4-f72cf97b1999,SMP SATAP NEGERI 2 PARIGI BARAT
4048bd58-013c-e111-8d88-ed8ae3417ada,SMP NEGERI 1 BATUI
0070e658-013c-e111-8409-13516101c37e,SMP GKST PALU
ebd94c1a-36a7-4a66-a63e-afe5546132ce,SD KECIL SIDOAN TIMUR
442f3da2-9099-41a8-aaeb-12bd427fcab6,SMKN 1 PARIGI
6047ec57-013c-e111-a724-79b5f8f0b7cb,SD NEGERI TINADING
40194758-013c-e111-bc9b-1924d1f1ce77,SD NEGERI KABONENA
508d3c57-013c-e111-8039-a17176bf673f,SEKOLAH DASAR NEGERI ALAKASING
a0ae2658-013c-e111-8894-2b88207d8d6a,SD NEGERI 2 BOLANO
d0c46157-013c-e111-adc2-152272c712a2,SD NEGERI BALANE
80630d82-74fb-4714-bac5-877f820fa809,SMPN 6 BUNGKU UTARA SATU ATAP
00f96458-013c-e111-807d-8f109c8a4b89,SD ISLAM TERPADU PERSIS
400fc958-013c-e111-a2a9-fddc6cac8223,SMP NEGERI 1 GADUNG
50190f58-013c-e111-a334-8f5fdf9607eb,SD NEGERI KEUREA
20f41758-013c-e111-9df2-2db9fcf0f6e0,SD INPRES 2 TOBOLI
e02c4258-013c-e111-b6c7-69844dbb1901,SD NEGERI MILOK
409bf957-013c-e111-b26e-7df43ebb6c38,SD NEGERI DIULE
4097b251-f9fe-e111-8633-357ce6f263fd,SMP NEGERI 7 Ampana Tete
7071c477-eafe-e111-89c2-e5bddd37b087,SMPN SATAP 3 SINDUE TOMBUSABORA
60eadd57-013c-e111-8b30-17200e51a64a,SD NEGERI 1 BUNOBOGU
9da34fbe-e74e-477c-8400-5d16d037dd72,SMPN 7 RIO PAKAVA
208aa357-013c-e111-a939-45299c616e93,SD NEGERI 3 TOINASA
47f0f612-858b-4d5d-bde0-6dcb1b6b1491,SMKS LEMBO RAYA
c0664057-013c-e111-aa19-61bca04df277,SD INPRES BOLOY
c084e357-013c-e111-94a0-759a370b4888,SD NEGERI 7 TILOAN
20ddddd0-6585-e111-9573-8b56ed2449ef,SMP NEGERI 3 LIMBOTO BARAT
40c0bb58-013c-e111-a325-3f34dc62439a,SMP NEGERI 1 POSO PESISIR SELATAN
a0bac177-eafe-e111-993f-c575eb543f29,SDN 20 BALAESANG TANJUNG
40233358-013c-e111-bff1-5fe888472547,SD NEGERI INTI LEMUSA
c0034658-013c-e111-8be4-85a2c4b9fd9c,SD NEGERI 8 PALU
c021c758-013c-e111-b622-3d8eeb447f18,SMP NEGERI 3 BIAU
c0d72d58-013c-e111-b535-c7fa4a2c59b7,SD INPRES 3 MANINILI
2c1dbbc6-8b03-40d4-9116-06dd47dc1b65,MTSN MOROWALI
5021814b-eefe-e111-80cb-7bf0e57117d0,SMP NEGERI 3 POSO PESISIR UTARA
69482126-da28-49cc-aa2d-452aef00de20,SMP IT QURROTA A YUN PALU
a0e57057-013c-e111-95a2-55ef5d9b643a,SDN 22 BANAWA
a09ea657-013c-e111-a569-4fc8a8ff9483,SD NEGERI 24 POSO
c0bf2d58-013c-e111-9bae-439730d4277a,SD INPRES 2 TOLAI
7072f957-013c-e111-845d-1fe112884040,SD NEGERI 2 SALUMPAGA
b094914a-1824-4f53-a0f6-b2628e1fe899,SMKN 1 BANAWA SELATAN
c054e657-013c-e111-aa2c-033a99171640,SLB NEGERI TOLITOLI
a079ae58-013c-e111-8f69-a5ee1204242a,SMP NEGERI 2 BOKAN KEPULAUAN
ec587876-4219-4919-9a36-f3311616bb2e,Data sekolah kosong (ID tidak aktif/invalid)
b0501d58-013c-e111-be96-d18aa0f57290,SD NEGERI TADA
b042b753-c628-e211-9780-8f7bd285862d,SMPN 3 Paleleh Barat
b07da557-013c-e111-92f5-6ff464af9c54,SD NEGERI 8 POSO
a02ddf58-013c-e111-95dc-81e50ed2bf81,SMP GKST POSO
d084d258-013c-e111-810f-a1b230015eaa,SMP NEGERI 1 AMPIBABO
0e8c6cb6-9e81-4230-9364-b6f55ac0b4d1,SMA NEGERI 2 TOILI
40447257-013c-e111-a78b-05a6e788822a,SDN 3 LABUAN
c0f3d558-013c-e111-af00-83122b5dc6d4,SMP NEGERI 2 TOJO
00ecdf02-a0d4-e111-82cb-3f9d81ff02b8,SMP NEGERI 4 BUNGKU TIMUR SATU ATAP
6d477cf6-8465-4b10-8f50-db0af5a3cd17,MTSS FASTABIQUL KHAIRAAT
3f2c248a-1ec4-4290-b458-885939ad8c60,SMAS ATMAJAYA
80658e57-013c-e111-a63c-472c0e45beb6,SD NEGERI 1 BANGGA
00a03158-013c-e111-8417-39c52ec98f3d,SD INPRES 2 KOTARAYA
d057d357-013c-e111-a31c-57e35fbc0371,SD INPRES 2 PAKASUA
0083b858-013c-e111-8d5f-099214c624f6,SMP NEGERI 9 SIGI
409fb458-013c-e111-a00f-8fdf166debcb,SMP NEGERI 2 BANAWA TENGAH
0410bd82-5b73-473e-85b9-d620ca597649,MTS AL-AMIN BONDOYONG
30dad558-013c-e111-b2be-a7e7a150a94a,SMP NEGERI 1 TOJO
9895bcaf-e336-4fae-8c2f-692f019c7a98,MTSS ALKHAIRAAT SIGENTI
8eea9cb7-1d9d-44e1-b25f-e82ce8e8e27f,SD NEGERI 11 PALELEH
20565c58-013c-e111-a7bb-15cf9becab26,SD GKST 2 TENTENA
b023c258-013c-e111-a30f-9f73d94896e0,SMP NEGERI 1 LABOBO
80410f58-013c-e111-8503-31a2981703c5,SD NEGERI FATUFIA
60c4f357-013c-e111-a2c7-cb2dc9573fb6,SD NEGERI 1 BILO
0059a0ca-37a7-e211-89d2-e1708c236337,SMP NEGERI 7 BUNTA
5895a7c3-ce2f-4dff-9bb6-0263e5f03ba0,SMAN 1 BUNTA
90d2c458-013c-e111-842a-355dc2f166de,SMPN 2 LAKEA SATAP LAKUAN BUOL
20eb625c-fbfe-e111-96c9-255cc804e900,SMP SATU ATAP NEGERI 1 TINOMBO 
5167955b-26f9-46ad-886d-e704c18d271e,SD Negeri Ululaa
d0043b57-013c-e111-a737-d7ffbd181d9f,SDN INPRES LESANTOBUNGIN
c0abbd58-013c-e111-b482-5df323437d97,SMP NEGERI 3 BATUI
a0c2c057-013c-e111-af8e-63087268c55d,SD NEGERI 6 TOILI
80f346bd-0d26-e111-b2c9-a54ae5049b97,UPT SD NEGERI 2 TIMORENG PANUA
20b0307e-30f5-e011-a47d-27d9745e53ea,SD NEGERI 001 PAYUNG-PAYUNG
8043eb57-013c-e111-8092-fb41807748e8,SD NEGERI 1 BASI
50bae157-013c-e111-b181-f73b384220e9,SD NEGERI 7 BIAU
90a6e157-013c-e111-87e1-376f4a6b3be7,Data sekolah kosong (ID tidak aktif/invalid)
80865058-013c-e111-a374-a32c015f3d32,SD INPRES 7 LABUAN BARU
a0226558-013c-e111-9f96-911489d28ac1,SD ALKHAIRAAT 2 PALU
60fb2afa-f0fe-e111-a196-05df30707c3e,SMPN 1 Karamat
40c28457-013c-e111-9d7e-57d8cd152309,SDN 28 DAMPELAS
221ea2ec-f043-4216-bd57-312523448012,SMP NEGERI 8 BUKAL
70742e58-013c-e111-842d-3d0b600e3461,SD UPT 2 MANINILI
10d2d158-013c-e111-9bd1-835cf6585ba7,SMP NEGERI 2 PARIGI
0026b158-013c-e111-ba10-e946cc85a064,SMP NEGERI 7 SIGI
20f01558-013c-e111-a141-8b29fdff960c,SD INPRES LEBO
c055ed57-013c-e111-916d-857f733d5369,SD NEGERI 4 KOMBO
50a16357-013c-e111-969b-5553e3fe13c6,SD INPRES MATANTIMALI
99ca37dc-106f-4689-a46f-69d548a4d9d9,MTSS DDI KELURAHAN BARU
60396c57-013c-e111-925a-6db0157c79f1,SDN 11 BANAWA
b089625c-fbfe-e111-863c-353e2eb6dbe0,SMP NEGERI SATU ATAP NEGERI 2 KASIMBAR
40bf6d7c-8d18-e111-89a9-7fec468c7212,SD ISLAM PELITA HATI
a0254040-8efe-e111-8a9c-57b022d07f59,SMP NEGERI 12 SATAP PULUBALA
60a27b57-013c-e111-8fec-2dcd4cbd808c,SDN 13 BALAESANG
e6b55949-fd7c-41b7-b85d-dcc244dadaf4,SMA TAHFIDZ AL-IZZAH
a07dd958-013c-e111-a2be-69748b558c58,SMP NEGERI 7 PALU
60d82058-013c-e111-903f-c96b93671c94,SD NEGERI TINGKULANG
525aebe9-fa1e-4648-a59e-a5cf03b385e0,MIS ALKHAIRAAT TOKORONDO
2052ba58-013c-e111-a759-3143b25c9d20,SMP NEGERI 1 LORE PEORE
00d9e457-013c-e111-9d03-5d5b6b2f3e48,SD NEGERI 6 BUKAL
b0e32558-013c-e111-ab2b-0bfc36af16e9,SD INPRES KARYA AGUNG
704ef157-013c-e111-ae7d-df3d507b8725,SD NEGERI OGOGASANG
e02e2158-013c-e111-b66a-258d243a0019,SD NEGERI 1 TILUNG
e0cc8857-013c-e111-9a0b-fb826734e812,SDN 12 BANAWA SELATAN
ffa0d552-242d-4812-ae4a-e54c9428ae8e,SMAS MUHAMMADIYAH LUWUK
1d501ca2-30fb-4bf2-81e5-96363113fe91,SMAN 1 SIDOAN
80f6f757-013c-e111-9593-77c1978a58ce,SD NEGERI 2 OGOMOLI
0e8f4db9-f38b-4bdd-bb0b-52723cfda453,SMP NEGERI 6 BIAU
2636d506-4f55-4ae3-8efc-19a27c26bf60,SMAS KARUNA DIPA
30773f58-013c-e111-8874-9fe9172877f0,SD NEGERI KAVETAN
60a3b558-013c-e111-920b-9f3de0c248a0,SMP NEGERI 2 SINDUE TOMBUSABORA
cdadee9e-8030-4158-b164-a5f74dc4551a,SMA NEGERI 11 SIGI
60c23357-013c-e111-bf74-3944dba9f3e0,SD NEGERI TINAKIN
b05a5ee3-9fd4-e111-b122-696226badc0e,SMP NEGERI 3 WITA PONDA SATU ATAP
a04ece57-013c-e111-802b-8d894a0f651a,SD INPRES MAKAPA B
91221827-4a20-4a79-84ae-153b77d9aea8,SMTK SETIA BULAGI
d022ea57-013c-e111-aaf5-27efebea2416,SD NEGERI 1 GALUMPANG
908e1c58-013c-e111-924d-e954bb3ab69f,SD NEGERI INTI 2 TERPENCIL LOMBOK
40207c57-013c-e111-ae26-05e2b31de7c8,SDN 17 BALAESANG
00476ea2-c1cc-e111-b7d4-49ab37bccc59,SD NEGERI 1 KALORA
e0a55858-013c-e111-b4be-679a17366978,SD MUHAMMADIYAH 2 TANJUNG KARANG
6ec9feef-ae37-49d7-a568-9b09b1eaf112,SMA NEGERI 1 BANAWA TENGAH
80198a57-013c-e111-99d7-d5027d4880bd,SDN 9 RIO PAKAVA
90718415-31f5-e011-ba41-cd4b5f2667f5,SMPN SATU ATAP BUNGA MEKAR
c05cd758-013c-e111-8009-bd74d5584739,SMP NEGERI 3 AMPANA KOTA
60905b5c-fbfe-e111-8e1f-67672473d532,SD NEGERI TOMBI
b0fe0558-013c-e111-bc52-dd55f32db391,SD NEGERI KOROBONDE
12f9fda7-1cf2-4247-98ce-9038f55304f8,SMA Negeri Tolisu
a099b557-013c-e111-a356-d742324c9735,SD NEGERI 3 LUWUK
e0cf804b-eefe-e111-9392-3f79f8c1fb9e,SMP NEGERI 4 POSO PESISIR
a0981e58-013c-e111-92b7-174490d956e4,SD INPRES 2 TINOMBO
20eeb358-013c-e111-bc03-f9f8eba294a4,SMP NEGERI 1 BANAWA TENGAH
e0007257-013c-e111-9e00-5de64184a850,SDN 2 LABUAN
607bc7a2-a0d4-e111-adbb-658e352f4686,SD NEGERI 1 ULU LAA
2f896aba-d643-48a8-a27e-0ec5eacc046f,SMKN 1 POSO PESISIR
20b82bfa-f0fe-e111-8e82-1748f4cb78fe,SMPN 4 Momunu
e025d158-013c-e111-a9a4-7d715aacde80,SMP NEGERI 2 MAMOSALATO
0029105d-e7fe-e111-93e0-e3d3055419d1,SMP NEGERI 5 TOILI BARAT
a0f9ec57-013c-e111-a468-67057c727ed3,SD NEGERI 2 BUGA
b06eb758-013c-e111-a736-41d984047c06,SMP NEGERI 5 Sojol
00e4cd58-013c-e111-b826-e5f5c21a83f5,SMP NEGERI 1 BUNGKU SELATAN
e0d16757-013c-e111-ad32-09408453d7d8,SDN 1 BANAWA TENGAH
e0d10958-013c-e111-9312-d5b4c824cc41,SD NEGERI KOROMATANTU
80314c58-013c-e111-bd6f-5b5f10e383f2,SD INPRES 2 TANAMODINDI
8046d857-013c-e111-9f97-b1ecb396bc89,SD NEGERI 5 LAKEA
20813457-013c-e111-8e9e-f7f693c9cd0d,SD NEGERI LOKOTOY
2020d558-013c-e111-8bfe-d5832e7ded22,SMP SATU ATAP NEGERI 1 MEPANGA
e06d5c5c-fbfe-e111-b69d-21703eaa8e48,SD KECIL SINGURA
8546ac6f-48df-4c2a-91f1-e4ae592d39d7,SMAN 1 AMPANA TETE
201ff557-013c-e111-b513-4d98326b6e97,SD NEGERI 20 TOLITOLI
4d14c0d2-77c9-4177-9dff-c80fbdcbc079,SMKN 1 SOJOL
063a63de-51ad-4859-9e3c-ad26c1103a79,SMA NEGERI 5 SIGI
e0a28557-013c-e111-8a5d-2f2cc999e079,SDN 3 SOJOL UTARA
00966258-013c-e111-b526-8927ae1a7165,SD ALKHAIRAAT BANTAYA
60f8e157-013c-e111-9345-c1cee8404575,SD NEGERI 10 BIAU
0093c858-013c-e111-8616-ebc3273ca415,SMP NEGERI 3 BUKAL
609f0a58-013c-e111-927e-b95cf1fac7a9,SD INPRES KOYA
cbd4767b-1283-41fd-bd8b-3d58075c4ddc,SMAN 1 MOUTONG
10f0c677-eafe-e111-bf60-c72bf44c79ef,SMPN SATAP 3 SOJOL UTARA
a0ce7557-013c-e111-8839-d95478a25f93,SDN 7 SINDUE TOMBUSABORA
d05de058-013c-e111-ba4b-c5b00de8f638,SMP KRISTEN LUWUK
800b2958-013c-e111-b42c-a138e75c2032,SD INPRES 2 WANAGADING
c01fd958-013c-e111-af72-8d1b151a4b43,SMP NEGERI 9 PALU
b034a158-013c-e111-bd00-55a13aeb7d90,SMP ALKHAIRAT TANDAIGI
60891058-013c-e111-9fe7-8d5bd6f03aa7,SD NEGERI 2 BERINGIN JAYA
dc82e951-6e4d-4879-bb8e-eb229b5c1907,MTSS NURUL KHAIRAAT SURUMANA
40a2ba58-013c-e111-9699-1d3054496b9b,SMP NEGERI SATU ATAP TOYADO
404cd458-013c-e111-be31-7d540376ae67,SMP NEGERI 5 BOLANO LAMBUNU
682377f7-d42a-418d-823e-75ec3aac8fd5,MTSN 2 TOLITOLI
500f1d58-013c-e111-9443-0d822e9767a9,SD NEGERI SIPAYO
e02a4357-013c-e111-a103-351c27cbb1e8,SD INPRES 3 LUMBI-LUMBIA
a0b32358-013c-e111-abbb-dd086ba5f96a,SDN 2 TERPENCIL EEYA
c097d658-013c-e111-ae85-df3a3dae000b,SMP NEGERI 1 AMPANA TETE
70f50ebf-f3fe-e111-9dfa-3bf0a813d4f3,SMP NEGERI SATU ATAP MANDEL
40d3585c-fbfe-e111-92a3-eb87fc5c4b16,SD KECIL BONESOMPE
60c1d358-013c-e111-bb6c-a5ced3cc057f,SMP NEGERI 1 MOUTONG
7060f757-013c-e111-910b-4728aa390732,SD NEGERI 3 TINIGI
e008c058-013c-e111-89f5-17c23aaceffa,SMP NEGERI 4 BUNTA
e0f0b0d0-6585-e111-af61-937bf1decd92,SDN 7 TILONGKABILA
8046f1d0-6585-e111-83bf-419aea019780,SMP NEGERI 1 TOLINGGULA
45eec891-a955-4451-97a0-d0d468bc6653,SMAN 1 PARIGI UTARA
603cf857-013c-e111-a13c-3dc4b4dc49fc,SD NEGERI LABENGGA
2f8ab832-f62e-4cb8-8e2a-c10f9f847689,SMKN 1 DONDO
404e7b57-013c-e111-b135-a760c32a20bf,SDN 14 SIRENJA
60637b57-013c-e111-ac6c-2de5ce69baf6,SDN 18 BALAESANG
404c1358-013c-e111-9f3f-07c666349110,SD NEGERI SAUSU
ffdcd3ca-a7a8-4806-99b2-20dd122f0ea0,MAN MOROWALI
5a20deb4-7879-41aa-9e19-2b00e1d5704c,SMAN 7 MAKASSAR
a40a762e-ca7d-4c9d-8e40-a3d048245792,SMA NEGERI 4 GORONTALO UTARA
ab2b80b3-1c1b-40db-b99e-bccddf535928,SMKN 1 BUNGKU UTARA
b0063958-013c-e111-ad8e-fbc9a9b30b1b,SD NEGERI KAJULANGKO
80bbf457-013c-e111-9224-d3be11937de2,SD NEGERI 5 TOLITOLI
0096c258-013c-e111-a3ac-874ccf41fb9b,SMP NEGERI 2 LUWUK TIMUR
30165558-013c-e111-9f1a-cb46ba9bcb6c,SD BALA KESELAMATAN WINATU
2068b358-013c-e111-b3be-471cda14b8ea,SMP NEGERI 19 SIGI
0086cd58-013c-e111-977e-25b8dc40222c,SMP NEGERI 2 LAMPASIO
40f7ac58-013c-e111-8b32-85a5a7758b0f,SMP NEGERI 2 BANGGAI
344f4a02-e9f3-46f0-8e5b-4562a1ff8656,SMAN 1 BALINGGI
78f2f643-58e5-47ed-b740-27f94a253450,SMAN 2 PAGIMANA
a0d4ef57-013c-e111-9818-3db64a963189,SD NEGERI 1 TOMPOH
603c1c58-013c-e111-902f-df0fd99e6960,SD NEGERI TINOMBO
a0a56458-013c-e111-b06b-17c1b87e46c0,SD ALKHAIRAAT 1 PALU
00805b57-013c-e111-844b-b709e1a0c6c8,SD NEGERI MAKU
40770c58-013c-e111-8fda-7b42202c6373,SD NEGERI TINGKULUI
703d5357-013c-e111-a901-658aea3d5b1e,SD NEGERI TOMPI BUGIS
90829abe-0d26-e111-9bbb-b73461ea40e4,SD NEGERI 133 BANALARA
b01d8857-013c-e111-a301-d78c9ec93766,SDN 7 BANAWA SELATAN
300ee9e2-a4df-e211-8f90-f1a186bc6534,SMP NEGERI 2 TINOMBO
4035d258-013c-e111-8027-8dbeb90da17f,SMP NEGERI 3 PARIGI
60102358-013c-e111-9313-0bf887d3fa99,SD KECIL TERPENCIL KARAMAH BIGA
4026c458-013c-e111-b4aa-61b4348022af,SMP NEGERI 3 NUHON
6ffafdbb-d004-460d-af50-eceb71408a14,SMAN 2 PALU
dafb1fea-a269-4659-a561-30c062eb6c4b,SMAN 1 PAGIMANA
404105cd-642d-e211-9da3-cdca1c4c5af1,SMP NEGERI 6 BANAWA
40b53157-013c-e111-ab1a-6d92038ec26b,SD NEGERI TOGONG SAGU
000e8957-013c-e111-a980-b1aa1ece42a3,SDN 15 BANAWA SELATAN
c0f8125f-32f3-e111-8117-c1255df51561,SD NEGERI TOMPU
30e95957-013c-e111-91cf-3183df190d68,SD INPRES 2 KAMARORA
